,spiw-3,spiw-3,spiw-3,spiw-3,spiw-3,spiw-3,spiw-3,spiw-3,spiw-3,spiw-3
2000-03-10,80.00,80.00,80.00,80.00,82.00,82.00,82.00,82.00,83.00,83.00
2000-03-17,80.00,80.00,80.00,82.00,82.00,82.00,82.00,83.00,83.00,83.00
2000-03-24,80.00,80.00,82.00,82.00,82.00,82.00,83.00,83.00,83.00,83.00
2000-03-31,80.00,82.00,82.00,82.00,82.00,83.00,83.00,83.00,83.00,96.00
2000-04-07,82.00,82.00,82.00,82.00,83.00,83.00,83.00,83.00,96.00,96.00
2000-04-14,82.00,82.00,82.00,83.00,83.00,83.00,83.00,96.00,96.00,96.00
2000-04-21,82.00,82.00,83.00,83.00,83.00,83.00,96.00,96.00,96.00,96.00
2000-04-28,82.00,83.00,83.00,83.00,83.00,96.00,96.00,96.00,96.00,96.00
2000-05-05,83.00,83.00,83.00,83.00,96.00,96.00,96.00,96.00,96.00,101.00
2000-05-12,83.00,83.00,83.00,96.00,96.00,96.00,96.00,96.00,101.00,101.00
2000-05-19,83.00,83.00,96.00,96.00,96.00,96.00,96.00,101.00,101.00,101.00
2000-05-26,83.00,96.00,96.00,96.00,96.00,96.00,101.00,101.00,101.00,101.00
2000-06-02,96.00,96.00,96.00,96.00,96.00,101.00,101.00,101.00,101.00,103.00
2000-06-09,96.00,96.00,96.00,96.00,101.00,101.00,101.00,101.00,103.00,103.00
2000-06-16,96.00,96.00,96.00,101.00,101.00,101.00,101.00,103.00,103.00,103.00
2000-06-23,96.00,96.00,101.00,101.00,101.00,101.00,103.00,103.00,103.00,103.00
2000-06-30,96.00,101.00,101.00,101.00,101.00,103.00,103.00,103.00,103.00,100.00
2000-07-07,101.00,101.00,101.00,101.00,103.00,103.00,103.00,103.00,100.00,100.00
2000-07-14,101.00,101.00,101.00,103.00,103.00,103.00,103.00,100.00,100.00,99.00
2000-07-21,101.00,101.00,103.00,103.00,103.00,103.00,100.00,100.00,99.00,99.00
2000-07-28,101.00,103.00,103.00,103.00,103.00,100.00,100.00,99.00,99.00,100.00
2000-08-04,103.00,103.00,103.00,103.00,100.00,100.00,99.00,99.00,100.00,101.00
2000-08-11,103.00,103.00,103.00,100.00,100.00,99.00,99.00,100.00,101.00,101.00
2000-08-18,103.00,103.00,100.00,100.00,99.00,99.00,100.00,101.00,101.00,100.00
2000-08-25,103.00,100.00,100.00,99.00,99.00,100.00,101.00,101.00,100.00,101.00
2000-09-01,100.00,100.00,99.00,99.00,100.00,101.00,101.00,100.00,101.00,101.00
2000-09-08,100.00,99.00,99.00,100.00,101.00,101.00,100.00,101.00,101.00,102.00
2000-09-15,99.00,99.00,100.00,101.00,101.00,100.00,101.00,101.00,102.00,102.00
2000-09-22,99.00,100.00,101.00,101.00,100.00,101.00,101.00,102.00,102.00,102.00
2000-09-29,100.00,101.00,101.00,100.00,101.00,101.00,102.00,102.00,102.00,103.00
2000-10-06,101.00,101.00,100.00,101.00,101.00,102.00,102.00,102.00,103.00,103.00
2000-10-13,101.00,100.00,101.00,101.00,102.00,102.00,102.00,103.00,103.00,103.00
2000-10-20,100.00,101.00,101.00,102.00,102.00,102.00,103.00,103.00,103.00,103.00
2000-10-27,101.00,101.00,102.00,102.00,102.00,103.00,103.00,103.00,103.00,103.00
2000-11-03,101.00,102.00,102.00,102.00,103.00,103.00,103.00,103.00,103.00,103.00
2000-11-10,102.00,102.00,102.00,103.00,103.00,103.00,103.00,103.00,103.00,103.00
2000-11-17,102.00,102.00,103.00,103.00,103.00,103.00,103.00,103.00,103.00,103.00
2000-11-24,102.00,103.00,103.00,103.00,103.00,103.00,103.00,103.00,103.00,104.00
2000-12-01,103.00,103.00,103.00,103.00,103.00,103.00,103.00,103.00,104.00,103.00
2000-12-08,103.00,103.00,103.00,103.00,103.00,103.00,103.00,104.00,103.00,102.00
2000-12-15,103.00,103.00,103.00,103.00,103.00,103.00,104.00,103.00,102.00,102.00
2000-12-22,103.00,103.00,103.00,103.00,103.00,104.00,103.00,102.00,102.00,102.00
2000-12-29,103.00,103.00,103.00,103.00,104.00,103.00,102.00,102.00,102.00,102.00
2001-01-05,103.00,103.00,103.00,104.00,103.00,102.00,102.00,102.00,102.00,100.00
2001-01-12,103.00,103.00,104.00,103.00,102.00,102.00,102.00,102.00,100.00,100.00
2001-01-19,103.00,104.00,103.00,102.00,102.00,102.00,102.00,100.00,100.00,99.00
2001-01-26,104.00,103.00,102.00,102.00,102.00,102.00,100.00,100.00,99.00,99.00
2001-02-02,103.00,102.00,102.00,102.00,102.00,100.00,100.00,99.00,99.00,99.00
2001-02-09,102.00,102.00,102.00,102.00,100.00,100.00,99.00,99.00,99.00,99.00
2001-02-16,102.00,102.00,102.00,100.00,100.00,99.00,99.00,99.00,99.00,100.00
2001-02-23,102.00,102.00,100.00,100.00,99.00,99.00,99.00,99.00,100.00,100.00
2001-03-02,102.00,100.00,100.00,99.00,99.00,99.00,99.00,100.00,100.00,100.00
2001-03-09,100.00,100.00,99.00,99.00,99.00,99.00,100.00,100.00,100.00,100.00
2001-03-16,100.00,99.00,99.00,99.00,99.00,100.00,100.00,100.00,100.00,100.00
2001-03-23,99.00,99.00,99.00,99.00,100.00,100.00,100.00,100.00,100.00,100.00
2001-03-30,99.00,99.00,99.00,100.00,100.00,100.00,100.00,100.00,100.00,99.00
2001-04-06,99.00,99.00,100.00,100.00,100.00,100.00,100.00,100.00,99.00,99.00
2001-04-13,99.00,100.00,100.00,100.00,100.00,100.00,100.00,99.00,99.00,100.00
2001-04-20,100.00,100.00,100.00,100.00,100.00,100.00,99.00,99.00,100.00,100.00
2001-04-27,100.00,100.00,100.00,100.00,100.00,99.00,99.00,100.00,100.00,100.00
2001-05-04,100.00,100.00,100.00,100.00,99.00,99.00,100.00,100.00,100.00,100.00
2001-05-11,100.00,100.00,100.00,99.00,99.00,100.00,100.00,100.00,100.00,99.00
2001-05-18,100.00,100.00,99.00,99.00,100.00,100.00,100.00,100.00,99.00,98.00
2001-05-25,100.00,99.00,99.00,100.00,100.00,100.00,100.00,99.00,98.00,98.00
2001-06-01,99.00,99.00,100.00,100.00,100.00,100.00,99.00,98.00,98.00,98.00
2001-06-08,99.00,100.00,100.00,100.00,100.00,99.00,98.00,98.00,98.00,98.00
2001-06-15,100.00,100.00,100.00,100.00,99.00,98.00,98.00,98.00,98.00,98.00
2001-06-22,100.00,100.00,100.00,99.00,98.00,98.00,98.00,98.00,98.00,98.00
2001-06-29,100.00,100.00,99.00,98.00,98.00,98.00,98.00,98.00,98.00,98.00
2001-07-06,100.00,99.00,98.00,98.00,98.00,98.00,98.00,98.00,98.00,97.00
2001-07-13,99.00,98.00,98.00,98.00,98.00,98.00,98.00,98.00,97.00,97.00
2001-07-20,98.00,98.00,98.00,98.00,98.00,98.00,98.00,97.00,97.00,97.00
2001-07-27,98.00,98.00,98.00,98.00,98.00,98.00,97.00,97.00,97.00,97.00
2001-08-03,98.00,98.00,98.00,98.00,98.00,97.00,97.00,97.00,97.00,97.00
2001-08-10,98.00,98.00,98.00,98.00,97.00,97.00,97.00,97.00,97.00,97.00
2001-08-17,98.00,98.00,98.00,97.00,97.00,97.00,97.00,97.00,97.00,96.00
2001-08-24,98.00,98.00,97.00,97.00,97.00,97.00,97.00,97.00,96.00,95.00
2001-08-31,98.00,97.00,97.00,97.00,97.00,97.00,97.00,96.00,95.00,95.00
2001-09-07,97.00,97.00,97.00,97.00,97.00,97.00,96.00,95.00,95.00,94.00
2001-09-14,97.00,97.00,97.00,97.00,97.00,96.00,95.00,95.00,94.00,94.00
2001-09-21,97.00,97.00,97.00,97.00,96.00,95.00,95.00,94.00,94.00,94.00
2001-09-28,97.00,97.00,97.00,96.00,95.00,95.00,94.00,94.00,94.00,93.00
2001-10-05,97.00,97.00,96.00,95.00,95.00,94.00,94.00,94.00,93.00,93.00
2001-10-12,97.00,96.00,95.00,95.00,94.00,94.00,94.00,93.00,93.00,92.00
2001-10-19,96.00,95.00,95.00,94.00,94.00,94.00,93.00,93.00,92.00,92.00
2001-10-26,95.00,95.00,94.00,94.00,94.00,93.00,93.00,92.00,92.00,91.00
2001-11-02,95.00,94.00,94.00,94.00,93.00,93.00,92.00,92.00,91.00,90.00
2001-11-09,94.00,94.00,94.00,93.00,93.00,92.00,92.00,91.00,90.00,89.00
2001-11-16,94.00,94.00,93.00,93.00,92.00,92.00,91.00,90.00,89.00,87.00
2001-11-23,94.00,93.00,93.00,92.00,92.00,91.00,90.00,89.00,87.00,87.00
2001-11-30,93.00,93.00,92.00,92.00,91.00,90.00,89.00,87.00,87.00,86.00
2001-12-07,93.00,92.00,92.00,91.00,90.00,89.00,87.00,87.00,86.00,85.00
2001-12-14,92.00,92.00,91.00,90.00,89.00,87.00,87.00,86.00,85.00,84.00
2001-12-21,92.00,91.00,90.00,89.00,87.00,87.00,86.00,85.00,84.00,84.00
2001-12-28,91.00,90.00,89.00,87.00,87.00,86.00,85.00,84.00,84.00,83.00
2002-01-04,90.00,89.00,87.00,87.00,86.00,85.00,84.00,84.00,83.00,83.00
2002-01-11,89.00,87.00,87.00,86.00,85.00,84.00,84.00,83.00,83.00,82.00
2002-01-18,87.00,87.00,86.00,85.00,84.00,84.00,83.00,83.00,82.00,82.00
2002-01-25,87.00,86.00,85.00,84.00,84.00,83.00,83.00,82.00,82.00,82.00
2002-02-01,86.00,85.00,84.00,84.00,83.00,83.00,82.00,82.00,82.00,83.00
2002-02-08,85.00,84.00,84.00,83.00,83.00,82.00,82.00,82.00,83.00,83.00
2002-02-15,84.00,84.00,83.00,83.00,82.00,82.00,82.00,83.00,83.00,83.00
2002-02-22,84.00,83.00,83.00,82.00,82.00,82.00,83.00,83.00,83.00,83.00
2002-03-01,83.00,83.00,82.00,82.00,82.00,83.00,83.00,83.00,83.00,86.00
2002-03-08,83.00,82.00,82.00,82.00,83.00,83.00,83.00,83.00,86.00,86.00
2002-03-15,82.00,82.00,82.00,83.00,83.00,83.00,83.00,86.00,86.00,87.00
2002-03-22,82.00,82.00,83.00,83.00,83.00,83.00,86.00,86.00,87.00,88.00
2002-03-29,82.00,83.00,83.00,83.00,83.00,86.00,86.00,87.00,88.00,88.00
2002-04-05,83.00,83.00,83.00,83.00,86.00,86.00,87.00,88.00,88.00,89.00
2002-04-12,83.00,83.00,83.00,86.00,86.00,87.00,88.00,88.00,89.00,90.00
2002-04-19,83.00,83.00,86.00,86.00,87.00,88.00,88.00,89.00,90.00,92.00
2002-04-26,83.00,86.00,86.00,87.00,88.00,88.00,89.00,90.00,92.00,95.00
2002-05-03,86.00,86.00,87.00,88.00,88.00,89.00,90.00,92.00,95.00,97.00
2002-05-10,86.00,87.00,88.00,88.00,89.00,90.00,92.00,95.00,97.00,100.00
2002-05-17,87.00,88.00,88.00,89.00,90.00,92.00,95.00,97.00,100.00,101.00
2002-05-24,88.00,88.00,89.00,90.00,92.00,95.00,97.00,100.00,101.00,102.00
2002-05-31,88.00,89.00,90.00,92.00,95.00,97.00,100.00,101.00,102.00,103.00
2002-06-07,89.00,90.00,92.00,95.00,97.00,100.00,101.00,102.00,103.00,102.00
2002-06-14,90.00,92.00,95.00,97.00,100.00,101.00,102.00,103.00,102.00,102.00
2002-06-21,92.00,95.00,97.00,100.00,101.00,102.00,103.00,102.00,102.00,101.00
2002-06-28,95.00,97.00,100.00,101.00,102.00,103.00,102.00,102.00,101.00,101.00
2002-07-05,97.00,100.00,101.00,102.00,103.00,102.00,102.00,101.00,101.00,100.00
2002-07-12,100.00,101.00,102.00,103.00,102.00,102.00,101.00,101.00,100.00,100.00
2002-07-19,101.00,102.00,103.00,102.00,102.00,101.00,101.00,100.00,100.00,99.00
2002-07-26,102.00,103.00,102.00,102.00,101.00,101.00,100.00,100.00,99.00,99.00
2002-08-02,103.00,102.00,102.00,101.00,101.00,100.00,100.00,99.00,99.00,99.00
2002-08-09,102.00,102.00,101.00,101.00,100.00,100.00,99.00,99.00,99.00,100.00
2002-08-16,102.00,101.00,101.00,100.00,100.00,99.00,99.00,99.00,100.00,101.00
2002-08-23,101.00,101.00,100.00,100.00,99.00,99.00,99.00,100.00,101.00,102.00
2002-08-30,101.00,100.00,100.00,99.00,99.00,99.00,100.00,101.00,102.00,103.00
2002-09-06,100.00,100.00,99.00,99.00,99.00,100.00,101.00,102.00,103.00,104.00
2002-09-13,100.00,99.00,99.00,99.00,100.00,101.00,102.00,103.00,104.00,105.00
2002-09-20,99.00,99.00,99.00,100.00,101.00,102.00,103.00,104.00,105.00,105.00
2002-09-27,99.00,99.00,100.00,101.00,102.00,103.00,104.00,105.00,105.00,106.00
2002-10-04,99.00,100.00,101.00,102.00,103.00,104.00,105.00,105.00,106.00,106.00
2002-10-11,100.00,101.00,102.00,103.00,104.00,105.00,105.00,106.00,106.00,106.00
2002-10-18,101.00,102.00,103.00,104.00,105.00,105.00,106.00,106.00,106.00,107.00
2002-10-25,102.00,103.00,104.00,105.00,105.00,106.00,106.00,106.00,107.00,108.00
2002-11-01,103.00,104.00,105.00,105.00,106.00,106.00,106.00,107.00,108.00,109.00
2002-11-08,104.00,105.00,105.00,106.00,106.00,106.00,107.00,108.00,109.00,109.00
2002-11-15,105.00,105.00,106.00,106.00,106.00,107.00,108.00,109.00,109.00,109.00
2002-11-22,105.00,106.00,106.00,106.00,107.00,108.00,109.00,109.00,109.00,108.00
2002-11-29,106.00,106.00,106.00,107.00,108.00,109.00,109.00,109.00,108.00,108.00
2002-12-06,106.00,106.00,107.00,108.00,109.00,109.00,109.00,108.00,108.00,109.00
2002-12-13,106.00,107.00,108.00,109.00,109.00,109.00,108.00,108.00,109.00,112.00
2002-12-20,107.00,108.00,109.00,109.00,109.00,108.00,108.00,109.00,112.00,115.00
2002-12-27,108.00,109.00,109.00,109.00,108.00,108.00,109.00,112.00,115.00,119.00
2003-01-03,109.00,109.00,109.00,108.00,108.00,109.00,112.00,115.00,119.00,120.00
2003-01-10,109.00,109.00,108.00,108.00,109.00,112.00,115.00,119.00,120.00,122.00
2003-01-17,109.00,108.00,108.00,109.00,112.00,115.00,119.00,120.00,122.00,123.00
2003-01-24,108.00,108.00,109.00,112.00,115.00,119.00,120.00,122.00,123.00,126.00
2003-01-31,108.00,109.00,112.00,115.00,119.00,120.00,122.00,123.00,126.00,127.00
2003-02-07,109.00,112.00,115.00,119.00,120.00,122.00,123.00,126.00,127.00,128.00
2003-02-14,112.00,115.00,119.00,120.00,122.00,123.00,126.00,127.00,128.00,132.00
2003-02-21,115.00,119.00,120.00,122.00,123.00,126.00,127.00,128.00,132.00,132.00
2003-02-28,119.00,120.00,122.00,123.00,126.00,127.00,128.00,132.00,132.00,135.00
2003-03-07,120.00,122.00,123.00,126.00,127.00,128.00,132.00,132.00,135.00,134.00
2003-03-14,122.00,123.00,126.00,127.00,128.00,132.00,132.00,135.00,134.00,134.00
2003-03-21,123.00,126.00,127.00,128.00,132.00,132.00,135.00,134.00,134.00,134.00
2003-03-28,126.00,127.00,128.00,132.00,132.00,135.00,134.00,134.00,134.00,133.00
2003-04-04,127.00,128.00,132.00,132.00,135.00,134.00,134.00,134.00,133.00,132.00
2003-04-11,128.00,132.00,132.00,135.00,134.00,134.00,134.00,133.00,132.00,131.00
2003-04-18,132.00,132.00,135.00,134.00,134.00,134.00,133.00,132.00,131.00,130.00
2003-04-25,132.00,135.00,134.00,134.00,134.00,133.00,132.00,131.00,130.00,130.00
2003-05-02,135.00,134.00,134.00,134.00,133.00,132.00,131.00,130.00,130.00,129.00
2003-05-09,134.00,134.00,134.00,133.00,132.00,131.00,130.00,130.00,129.00,129.00
2003-05-16,134.00,134.00,133.00,132.00,131.00,130.00,130.00,129.00,129.00,129.00
2003-05-23,134.00,133.00,132.00,131.00,130.00,130.00,129.00,129.00,129.00,129.00
2003-05-30,133.00,132.00,131.00,130.00,130.00,129.00,129.00,129.00,129.00,130.00
2003-06-06,132.00,131.00,130.00,130.00,129.00,129.00,129.00,129.00,130.00,130.00
2003-06-13,131.00,130.00,130.00,129.00,129.00,129.00,129.00,130.00,130.00,132.00
2003-06-20,130.00,130.00,129.00,129.00,129.00,129.00,130.00,130.00,132.00,133.00
2003-06-27,130.00,129.00,129.00,129.00,129.00,130.00,130.00,132.00,133.00,135.00
2003-07-04,129.00,129.00,129.00,129.00,130.00,130.00,132.00,133.00,135.00,139.00
2003-07-11,129.00,129.00,129.00,130.00,130.00,132.00,133.00,135.00,139.00,141.00
2003-07-18,129.00,129.00,130.00,130.00,132.00,133.00,135.00,139.00,141.00,142.00
2003-07-25,129.00,130.00,130.00,132.00,133.00,135.00,139.00,141.00,142.00,142.00
2003-08-01,130.00,130.00,132.00,133.00,135.00,139.00,141.00,142.00,142.00,143.00
2003-08-08,130.00,132.00,133.00,135.00,139.00,141.00,142.00,142.00,143.00,142.00
2003-08-15,132.00,133.00,135.00,139.00,141.00,142.00,142.00,143.00,142.00,141.00
2003-08-22,133.00,135.00,139.00,141.00,142.00,142.00,143.00,142.00,141.00,140.00
2003-08-29,135.00,139.00,141.00,142.00,142.00,143.00,142.00,141.00,140.00,140.00
2003-09-05,139.00,141.00,142.00,142.00,143.00,142.00,141.00,140.00,140.00,138.00
2003-09-12,141.00,142.00,142.00,143.00,142.00,141.00,140.00,140.00,138.00,138.00
2003-09-19,142.00,142.00,143.00,142.00,141.00,140.00,140.00,138.00,138.00,137.00
2003-09-26,142.00,143.00,142.00,141.00,140.00,140.00,138.00,138.00,137.00,137.00
2003-10-03,143.00,142.00,141.00,140.00,140.00,138.00,138.00,137.00,137.00,137.00
2003-10-10,142.00,141.00,140.00,140.00,138.00,138.00,137.00,137.00,137.00,138.00
2003-10-17,141.00,140.00,140.00,138.00,138.00,137.00,137.00,137.00,138.00,138.00
2003-10-24,140.00,140.00,138.00,138.00,137.00,137.00,137.00,138.00,138.00,140.00
2003-10-31,140.00,138.00,138.00,137.00,137.00,137.00,138.00,138.00,140.00,141.00
2003-11-07,138.00,138.00,137.00,137.00,137.00,138.00,138.00,140.00,141.00,142.00
2003-11-14,138.00,137.00,137.00,137.00,138.00,138.00,140.00,141.00,142.00,145.00
2003-11-21,137.00,137.00,137.00,138.00,138.00,140.00,141.00,142.00,145.00,146.00
2003-11-28,137.00,137.00,138.00,138.00,140.00,141.00,142.00,145.00,146.00,147.00
2003-12-05,137.00,138.00,138.00,140.00,141.00,142.00,145.00,146.00,147.00,148.00
2003-12-12,138.00,138.00,140.00,141.00,142.00,145.00,146.00,147.00,148.00,149.00
2003-12-19,138.00,140.00,141.00,142.00,145.00,146.00,147.00,148.00,149.00,151.00
2003-12-26,140.00,141.00,142.00,145.00,146.00,147.00,148.00,149.00,151.00,152.00
2004-01-02,141.00,142.00,145.00,146.00,147.00,148.00,149.00,151.00,152.00,155.00
2004-01-09,142.00,145.00,146.00,147.00,148.00,149.00,151.00,152.00,155.00,157.00
2004-01-16,145.00,146.00,147.00,148.00,149.00,151.00,152.00,155.00,157.00,158.00
2004-01-23,146.00,147.00,148.00,149.00,151.00,152.00,155.00,157.00,158.00,158.00
2004-01-30,147.00,148.00,149.00,151.00,152.00,155.00,157.00,158.00,158.00,159.00
2004-02-06,148.00,149.00,151.00,152.00,155.00,157.00,158.00,158.00,159.00,164.00
2004-02-13,149.00,151.00,152.00,155.00,157.00,158.00,158.00,159.00,164.00,168.00
2004-02-20,151.00,152.00,155.00,157.00,158.00,158.00,159.00,164.00,168.00,171.00
2004-02-27,152.00,155.00,157.00,158.00,158.00,159.00,164.00,168.00,171.00,175.00
2004-03-05,155.00,157.00,158.00,158.00,159.00,164.00,168.00,171.00,175.00,178.00
2004-03-12,157.00,158.00,158.00,159.00,164.00,168.00,171.00,175.00,178.00,177.00
2004-03-19,158.00,158.00,159.00,164.00,168.00,171.00,175.00,178.00,177.00,177.00
2004-03-26,158.00,159.00,164.00,168.00,171.00,175.00,178.00,177.00,177.00,178.00
2004-04-02,159.00,164.00,168.00,171.00,175.00,178.00,177.00,177.00,178.00,179.00
2004-04-09,164.00,168.00,171.00,175.00,178.00,177.00,177.00,178.00,179.00,180.00
2004-04-16,168.00,171.00,175.00,178.00,177.00,177.00,178.00,179.00,180.00,180.00
2004-04-23,171.00,175.00,178.00,177.00,177.00,178.00,179.00,180.00,180.00,180.00
2004-04-30,175.00,178.00,177.00,177.00,178.00,179.00,180.00,180.00,180.00,176.00
2004-05-07,178.00,177.00,177.00,178.00,179.00,180.00,180.00,180.00,176.00,176.00
2004-05-14,177.00,177.00,178.00,179.00,180.00,180.00,180.00,176.00,176.00,172.00
2004-05-21,177.00,178.00,179.00,180.00,180.00,180.00,176.00,176.00,172.00,158.00
2004-05-28,178.00,179.00,180.00,180.00,180.00,176.00,176.00,172.00,158.00,156.00
2004-06-04,179.00,180.00,180.00,180.00,176.00,176.00,172.00,158.00,156.00,153.00
2004-06-11,180.00,180.00,180.00,176.00,176.00,172.00,158.00,156.00,153.00,151.00
2004-06-18,180.00,180.00,176.00,176.00,172.00,158.00,156.00,153.00,151.00,154.00
2004-06-25,180.00,176.00,176.00,172.00,158.00,156.00,153.00,151.00,154.00,156.00
2004-07-02,176.00,176.00,172.00,158.00,156.00,153.00,151.00,154.00,156.00,156.00
2004-07-09,176.00,172.00,158.00,156.00,153.00,151.00,154.00,156.00,156.00,157.00
2004-07-16,172.00,158.00,156.00,153.00,151.00,154.00,156.00,156.00,157.00,157.00
2004-07-23,158.00,156.00,153.00,151.00,154.00,156.00,156.00,157.00,157.00,160.00
2004-07-30,156.00,153.00,151.00,154.00,156.00,156.00,157.00,157.00,160.00,167.00
2004-08-06,153.00,151.00,154.00,156.00,156.00,157.00,157.00,160.00,167.00,170.00
2004-08-13,151.00,154.00,156.00,156.00,157.00,157.00,160.00,167.00,170.00,170.00
2004-08-20,154.00,156.00,156.00,157.00,157.00,160.00,167.00,170.00,170.00,169.00
2004-08-27,156.00,156.00,157.00,157.00,160.00,167.00,170.00,170.00,169.00,170.00
2004-09-03,156.00,157.00,157.00,160.00,167.00,170.00,170.00,169.00,170.00,170.00
2004-09-10,157.00,157.00,160.00,167.00,170.00,170.00,169.00,170.00,170.00,172.00
2004-09-17,157.00,160.00,167.00,170.00,170.00,169.00,170.00,170.00,172.00,171.00
2004-09-24,160.00,167.00,170.00,170.00,169.00,170.00,170.00,172.00,171.00,170.00
2004-10-01,167.00,170.00,170.00,169.00,170.00,170.00,172.00,171.00,170.00,170.00
2004-10-08,170.00,170.00,169.00,170.00,170.00,172.00,171.00,170.00,170.00,170.00
2004-10-15,170.00,169.00,170.00,170.00,172.00,171.00,170.00,170.00,170.00,170.00
2004-10-22,169.00,170.00,170.00,172.00,171.00,170.00,170.00,170.00,170.00,169.00
2004-10-29,170.00,170.00,172.00,171.00,170.00,170.00,170.00,170.00,169.00,168.00
2004-11-05,170.00,172.00,171.00,170.00,170.00,170.00,170.00,169.00,168.00,167.00
2004-11-12,172.00,171.00,170.00,170.00,170.00,170.00,169.00,168.00,167.00,167.00
2004-11-19,171.00,170.00,170.00,170.00,170.00,169.00,168.00,167.00,167.00,168.00
2004-11-26,170.00,170.00,170.00,170.00,169.00,168.00,167.00,167.00,168.00,167.00
2004-12-03,170.00,170.00,170.00,169.00,168.00,167.00,167.00,168.00,167.00,168.00
2004-12-10,170.00,170.00,169.00,168.00,167.00,167.00,168.00,167.00,168.00,168.00
2004-12-17,170.00,169.00,168.00,167.00,167.00,168.00,167.00,168.00,168.00,169.00
2004-12-24,169.00,168.00,167.00,167.00,168.00,167.00,168.00,168.00,169.00,170.00
2004-12-31,168.00,167.00,167.00,168.00,167.00,168.00,168.00,169.00,170.00,171.00
2005-01-07,167.00,167.00,168.00,167.00,168.00,168.00,169.00,170.00,171.00,172.00
2005-01-14,167.00,168.00,167.00,168.00,168.00,169.00,170.00,171.00,172.00,173.00
2005-01-21,168.00,167.00,168.00,168.00,169.00,170.00,171.00,172.00,173.00,174.00
2005-01-28,167.00,168.00,168.00,169.00,170.00,171.00,172.00,173.00,174.00,175.00
2005-02-04,168.00,168.00,169.00,170.00,171.00,172.00,173.00,174.00,175.00,176.00
2005-02-11,168.00,169.00,170.00,171.00,172.00,173.00,174.00,175.00,176.00,176.00
2005-02-18,169.00,170.00,171.00,172.00,173.00,174.00,175.00,176.00,176.00,176.00
2005-02-25,170.00,171.00,172.00,173.00,174.00,175.00,176.00,176.00,176.00,177.00
2005-03-04,171.00,172.00,173.00,174.00,175.00,176.00,176.00,176.00,177.00,178.00
2005-03-11,172.00,173.00,174.00,175.00,176.00,176.00,176.00,177.00,178.00,182.00
2005-03-18,173.00,174.00,175.00,176.00,176.00,176.00,177.00,178.00,182.00,184.00
2005-03-25,174.00,175.00,176.00,176.00,176.00,177.00,178.00,182.00,184.00,185.00
2005-04-01,175.00,176.00,176.00,176.00,177.00,178.00,182.00,184.00,185.00,184.00
2005-04-08,176.00,176.00,176.00,177.00,178.00,182.00,184.00,185.00,184.00,183.00
2005-04-15,176.00,176.00,177.00,178.00,182.00,184.00,185.00,184.00,183.00,182.00
2005-04-22,176.00,177.00,178.00,182.00,184.00,185.00,184.00,183.00,182.00,178.00
2005-04-29,177.00,178.00,182.00,184.00,185.00,184.00,183.00,182.00,178.00,176.00
2005-05-06,178.00,182.00,184.00,185.00,184.00,183.00,182.00,178.00,176.00,176.00
2005-05-13,182.00,184.00,185.00,184.00,183.00,182.00,178.00,176.00,176.00,176.00
2005-05-20,184.00,185.00,184.00,183.00,182.00,178.00,176.00,176.00,176.00,174.00
2005-05-27,185.00,184.00,183.00,182.00,178.00,176.00,176.00,176.00,174.00,174.00
2005-06-03,184.00,183.00,182.00,178.00,176.00,176.00,176.00,174.00,174.00,172.00
2005-06-10,183.00,182.00,178.00,176.00,176.00,176.00,174.00,174.00,172.00,168.00
2005-06-17,182.00,178.00,176.00,176.00,176.00,174.00,174.00,172.00,168.00,162.00
2005-06-24,178.00,176.00,176.00,176.00,174.00,174.00,172.00,168.00,162.00,155.00
2005-07-01,176.00,176.00,176.00,174.00,174.00,172.00,168.00,162.00,155.00,150.00
2005-07-08,176.00,176.00,174.00,174.00,172.00,168.00,162.00,155.00,150.00,152.00
2005-07-15,176.00,174.00,174.00,172.00,168.00,162.00,155.00,150.00,152.00,150.00
2005-07-22,174.00,174.00,172.00,168.00,162.00,155.00,150.00,152.00,150.00,149.00
2005-07-29,174.00,172.00,168.00,162.00,155.00,150.00,152.00,150.00,149.00,148.00
2005-08-05,172.00,168.00,162.00,155.00,150.00,152.00,150.00,149.00,148.00,147.00
2005-08-12,168.00,162.00,155.00,150.00,152.00,150.00,149.00,148.00,147.00,145.00
2005-08-19,162.00,155.00,150.00,152.00,150.00,149.00,148.00,147.00,145.00,142.00
2005-08-26,155.00,150.00,152.00,150.00,149.00,148.00,147.00,145.00,142.00,141.00
2005-09-02,150.00,152.00,150.00,149.00,148.00,147.00,145.00,142.00,141.00,138.00
2005-09-09,152.00,150.00,149.00,148.00,147.00,145.00,142.00,141.00,138.00,135.00
2005-09-16,150.00,149.00,148.00,147.00,145.00,142.00,141.00,138.00,135.00,132.00
2005-09-23,149.00,148.00,147.00,145.00,142.00,141.00,138.00,135.00,132.00,126.00
2005-09-30,148.00,147.00,145.00,142.00,141.00,138.00,135.00,132.00,126.00,122.00
2005-10-07,147.00,145.00,142.00,141.00,138.00,135.00,132.00,126.00,122.00,122.00
2005-10-14,145.00,142.00,141.00,138.00,135.00,132.00,126.00,122.00,122.00,112.00
2005-10-21,142.00,141.00,138.00,135.00,132.00,126.00,122.00,122.00,112.00,107.00
2005-10-28,141.00,138.00,135.00,132.00,126.00,122.00,122.00,112.00,107.00,110.00
2005-11-04,138.00,135.00,132.00,126.00,122.00,122.00,112.00,107.00,110.00,114.00
2005-11-11,135.00,132.00,126.00,122.00,122.00,112.00,107.00,110.00,114.00,112.00
2005-11-18,132.00,126.00,122.00,122.00,112.00,107.00,110.00,114.00,112.00,112.00
2005-11-25,126.00,122.00,122.00,112.00,107.00,110.00,114.00,112.00,112.00,112.00
2005-12-02,122.00,122.00,112.00,107.00,110.00,114.00,112.00,112.00,112.00,112.00
2005-12-09,122.00,112.00,107.00,110.00,114.00,112.00,112.00,112.00,112.00,111.00
2005-12-16,112.00,107.00,110.00,114.00,112.00,112.00,112.00,112.00,111.00,111.00
2005-12-23,107.00,110.00,114.00,112.00,112.00,112.00,112.00,111.00,111.00,110.00
2005-12-30,110.00,114.00,112.00,112.00,112.00,112.00,111.00,111.00,110.00,109.00
2006-01-06,114.00,112.00,112.00,112.00,112.00,111.00,111.00,110.00,109.00,109.00
2006-01-13,112.00,112.00,112.00,112.00,111.00,111.00,110.00,109.00,109.00,108.00
2006-01-20,112.00,112.00,112.00,111.00,111.00,110.00,109.00,109.00,108.00,108.00
2006-01-27,112.00,112.00,111.00,111.00,110.00,109.00,109.00,108.00,108.00,108.00
2006-02-03,112.00,111.00,111.00,110.00,109.00,109.00,108.00,108.00,108.00,108.00
2006-02-10,111.00,111.00,110.00,109.00,109.00,108.00,108.00,108.00,108.00,110.00
2006-02-17,111.00,110.00,109.00,109.00,108.00,108.00,108.00,108.00,110.00,113.00
2006-02-24,110.00,109.00,109.00,108.00,108.00,108.00,108.00,110.00,113.00,114.00
2006-03-03,109.00,109.00,108.00,108.00,108.00,108.00,110.00,113.00,114.00,120.00
2006-03-10,109.00,108.00,108.00,108.00,108.00,110.00,113.00,114.00,120.00,128.00
2006-03-17,108.00,108.00,108.00,108.00,110.00,113.00,114.00,120.00,128.00,128.00
2006-03-24,108.00,108.00,108.00,110.00,113.00,114.00,120.00,128.00,128.00,128.00
2006-03-31,108.00,108.00,110.00,113.00,114.00,120.00,128.00,128.00,128.00,130.00
2006-04-07,108.00,110.00,113.00,114.00,120.00,128.00,128.00,128.00,130.00,135.00
2006-04-14,110.00,113.00,114.00,120.00,128.00,128.00,128.00,130.00,135.00,137.00
2006-04-21,113.00,114.00,120.00,128.00,128.00,128.00,130.00,135.00,137.00,137.00
2006-04-28,114.00,120.00,128.00,128.00,128.00,130.00,135.00,137.00,137.00,137.00
2006-05-05,120.00,128.00,128.00,128.00,130.00,135.00,137.00,137.00,137.00,138.00
2006-05-12,128.00,128.00,128.00,130.00,135.00,137.00,137.00,137.00,138.00,141.00
2006-05-19,128.00,128.00,130.00,135.00,137.00,137.00,137.00,138.00,141.00,142.00
2006-05-26,128.00,130.00,135.00,137.00,137.00,137.00,138.00,141.00,142.00,146.00
2006-06-02,130.00,135.00,137.00,137.00,137.00,138.00,141.00,142.00,146.00,157.00
2006-06-09,135.00,137.00,137.00,137.00,138.00,141.00,142.00,146.00,157.00,163.00
2006-06-16,137.00,137.00,137.00,138.00,141.00,142.00,146.00,157.00,163.00,164.00
2006-06-23,137.00,137.00,138.00,141.00,142.00,146.00,157.00,163.00,164.00,161.00
2006-06-30,137.00,138.00,141.00,142.00,146.00,157.00,163.00,164.00,161.00,157.00
2006-07-07,138.00,141.00,142.00,146.00,157.00,163.00,164.00,161.00,157.00,150.00
2006-07-14,141.00,142.00,146.00,157.00,163.00,164.00,161.00,157.00,150.00,140.00
2006-07-21,142.00,146.00,157.00,163.00,164.00,161.00,157.00,150.00,140.00,130.00
2006-07-28,146.00,157.00,163.00,164.00,161.00,157.00,150.00,140.00,130.00,131.00
2006-08-04,157.00,163.00,164.00,161.00,157.00,150.00,140.00,130.00,131.00,132.00
2006-08-11,163.00,164.00,161.00,157.00,150.00,140.00,130.00,131.00,132.00,133.00
2006-08-18,164.00,161.00,157.00,150.00,140.00,130.00,131.00,132.00,133.00,132.00
2006-08-25,161.00,157.00,150.00,140.00,130.00,131.00,132.00,133.00,132.00,132.00
2006-09-01,157.00,150.00,140.00,130.00,131.00,132.00,133.00,132.00,132.00,134.00
2006-09-08,150.00,140.00,130.00,131.00,132.00,133.00,132.00,132.00,134.00,136.00
2006-09-15,140.00,130.00,131.00,132.00,133.00,132.00,132.00,134.00,136.00,136.00
2006-09-22,130.00,131.00,132.00,133.00,132.00,132.00,134.00,136.00,136.00,137.00
2006-09-29,131.00,132.00,133.00,132.00,132.00,134.00,136.00,136.00,137.00,137.00
2006-10-06,132.00,133.00,132.00,132.00,134.00,136.00,136.00,137.00,137.00,137.00
2006-10-13,133.00,132.00,132.00,134.00,136.00,136.00,137.00,137.00,137.00,138.00
2006-10-20,132.00,132.00,134.00,136.00,136.00,137.00,137.00,137.00,138.00,137.00
2006-10-27,132.00,134.00,136.00,136.00,137.00,137.00,137.00,138.00,137.00,135.00
2006-11-03,134.00,136.00,136.00,137.00,137.00,137.00,138.00,137.00,135.00,135.00
2006-11-10,136.00,136.00,137.00,137.00,137.00,138.00,137.00,135.00,135.00,134.00
2006-11-17,136.00,137.00,137.00,137.00,138.00,137.00,135.00,135.00,134.00,134.00
2006-11-24,137.00,137.00,137.00,138.00,137.00,135.00,135.00,134.00,134.00,133.00
2006-12-01,137.00,137.00,138.00,137.00,135.00,135.00,134.00,134.00,133.00,134.00
2006-12-08,137.00,138.00,137.00,135.00,135.00,134.00,134.00,133.00,134.00,135.00
2006-12-15,138.00,137.00,135.00,135.00,134.00,134.00,133.00,134.00,135.00,135.00
2006-12-22,137.00,135.00,135.00,134.00,134.00,133.00,134.00,135.00,135.00,135.00
2006-12-29,135.00,135.00,134.00,134.00,133.00,134.00,135.00,135.00,135.00,137.00
2007-01-05,135.00,134.00,134.00,133.00,134.00,135.00,135.00,135.00,137.00,142.00
2007-01-12,134.00,134.00,133.00,134.00,135.00,135.00,135.00,137.00,142.00,145.00
2007-01-19,134.00,133.00,134.00,135.00,135.00,135.00,137.00,142.00,145.00,146.00
2007-01-26,133.00,134.00,135.00,135.00,135.00,137.00,142.00,145.00,146.00,146.00
2007-02-02,134.00,135.00,135.00,135.00,137.00,142.00,145.00,146.00,146.00,148.00
2007-02-09,135.00,135.00,135.00,137.00,142.00,145.00,146.00,146.00,148.00,149.00
2007-02-16,135.00,135.00,137.00,142.00,145.00,146.00,146.00,148.00,149.00,149.00
2007-02-23,135.00,137.00,142.00,145.00,146.00,146.00,148.00,149.00,149.00,149.00
2007-03-02,137.00,142.00,145.00,146.00,146.00,148.00,149.00,149.00,149.00,152.00
2007-03-09,142.00,145.00,146.00,146.00,148.00,149.00,149.00,149.00,152.00,152.00
2007-03-16,145.00,146.00,146.00,148.00,149.00,149.00,149.00,152.00,152.00,151.00
2007-03-23,146.00,146.00,148.00,149.00,149.00,149.00,152.00,152.00,151.00,150.00
2007-03-30,146.00,148.00,149.00,149.00,149.00,152.00,152.00,151.00,150.00,150.80
2007-04-06,148.00,149.00,149.00,149.00,152.00,152.00,151.00,150.00,150.80,151.30
2007-04-13,149.00,149.00,149.00,152.00,152.00,151.00,150.00,150.80,151.30,151.70
2007-04-20,149.00,149.00,152.00,152.00,151.00,150.00,150.80,151.30,151.70,151.80
2007-04-27,149.00,152.00,152.00,151.00,150.00,150.80,151.30,151.70,151.80,153.50
2007-05-04,152.00,152.00,151.00,150.00,150.80,151.30,151.70,151.80,153.50,154.00
2007-05-11,152.00,151.00,150.00,150.80,151.30,151.70,151.80,153.50,154.00,158.70
2007-05-18,151.00,150.00,150.80,151.30,151.70,151.80,153.50,154.00,158.70,160.40
2007-05-25,150.00,150.80,151.30,151.70,151.80,153.50,154.00,158.70,160.40,157.40
2007-06-01,150.80,151.30,151.70,151.80,153.50,154.00,158.70,160.40,157.40,157.00
2007-06-08,151.30,151.70,151.80,153.50,154.00,158.70,160.40,157.40,157.00,154.90
2007-06-15,151.70,151.80,153.50,154.00,158.70,160.40,157.40,157.00,154.90,154.40
2007-06-22,151.80,153.50,154.00,158.70,160.40,157.40,157.00,154.90,154.40,154.50
2007-06-29,153.50,154.00,158.70,160.40,157.40,157.00,154.90,154.40,154.50,155.40
2007-07-06,154.00,158.70,160.40,157.40,157.00,154.90,154.40,154.50,155.40,156.40
2007-07-13,158.70,160.40,157.40,157.00,154.90,154.40,154.50,155.40,156.40,157.50
2007-07-20,160.40,157.40,157.00,154.90,154.40,154.50,155.40,156.40,157.50,157.90
2007-07-27,157.40,157.00,154.90,154.40,154.50,155.40,156.40,157.50,157.90,158.90
2007-08-03,157.00,154.90,154.40,154.50,155.40,156.40,157.50,157.90,158.90,160.80
2007-08-10,154.90,154.40,154.50,155.40,156.40,157.50,157.90,158.90,160.80,163.40
2007-08-17,154.40,154.50,155.40,156.40,157.50,157.90,158.90,160.80,163.40,166.10
2007-08-24,154.50,155.40,156.40,157.50,157.90,158.90,160.80,163.40,166.10,168.20
2007-08-31,155.40,156.40,157.50,157.90,158.90,160.80,163.40,166.10,168.20,171.20
2007-09-07,156.40,157.50,157.90,158.90,160.80,163.40,166.10,168.20,171.20,173.40
2007-09-14,157.50,157.90,158.90,160.80,163.40,166.10,168.20,171.20,173.40,175.10
2007-09-21,157.90,158.90,160.80,163.40,166.10,168.20,171.20,173.40,175.10,173.20
2007-09-28,158.90,160.80,163.40,166.10,168.20,171.20,173.40,175.10,173.20,173.70
2007-10-05,160.80,163.40,166.10,168.20,171.20,173.40,175.10,173.20,173.70,173.50
2007-10-12,163.40,166.10,168.20,171.20,173.40,175.10,173.20,173.70,173.50,173.80
2007-10-19,166.10,168.20,171.20,173.40,175.10,173.20,173.70,173.50,173.80,172.10
2007-10-26,168.20,171.20,173.40,175.10,173.20,173.70,173.50,173.80,172.10,172.70
2007-11-02,171.20,173.40,175.10,173.20,173.70,173.50,173.80,172.10,172.70,172.00
2007-11-09,173.40,175.10,173.20,173.70,173.50,173.80,172.10,172.70,172.00,172.20
2007-11-16,175.10,173.20,173.70,173.50,173.80,172.10,172.70,172.00,172.20,173.10
2007-11-23,173.20,173.70,173.50,173.80,172.10,172.70,172.00,172.20,173.10,175.80
2007-11-30,173.70,173.50,173.80,172.10,172.70,172.00,172.20,173.10,175.80,179.40
2007-12-07,173.50,173.80,172.10,172.70,172.00,172.20,173.10,175.80,179.40,186.00
2007-12-14,173.80,172.10,172.70,172.00,172.20,173.10,175.80,179.40,186.00,185.70
2007-12-21,172.10,172.70,172.00,172.20,173.10,175.80,179.40,186.00,185.70,185.20
2007-12-28,172.70,172.00,172.20,173.10,175.80,179.40,186.00,185.70,185.20,185.60
2008-01-04,172.00,172.20,173.10,175.80,179.40,186.00,185.70,185.20,185.60,187.30
2008-01-11,172.20,173.10,175.80,179.40,186.00,185.70,185.20,185.60,187.30,188.20
2008-01-18,173.10,175.80,179.40,186.00,185.70,185.20,185.60,187.30,188.20,188.60
2008-01-25,175.80,179.40,186.00,185.70,185.20,185.60,187.30,188.20,188.60,189.00
2008-02-01,179.40,186.00,185.70,185.20,185.60,187.30,188.20,188.60,189.00,190.40
2008-02-08,186.00,185.70,185.20,185.60,187.30,188.20,188.60,189.00,190.40,190.40
2008-02-15,185.70,185.20,185.60,187.30,188.20,188.60,189.00,190.40,190.40,193.00
2008-02-22,185.20,185.60,187.30,188.20,188.60,189.00,190.40,190.40,193.00,206.60
2008-02-29,185.60,187.30,188.20,188.60,189.00,190.40,190.40,193.00,206.60,215.10
2008-03-07,187.30,188.20,188.60,189.00,190.40,190.40,193.00,206.60,215.10,219.70
2008-03-14,188.20,188.60,189.00,190.40,190.40,193.00,206.60,215.10,219.70,218.80
2008-03-21,188.60,189.00,190.40,190.40,193.00,206.60,215.10,219.70,218.80,219.40
2008-03-28,189.00,190.40,190.40,193.00,206.60,215.10,219.70,218.80,219.40,221.10
2008-04-04,190.40,190.40,193.00,206.60,215.10,219.70,218.80,219.40,221.10,224.30
2008-04-11,190.40,193.00,206.60,215.10,219.70,218.80,219.40,221.10,224.30,225.50
2008-04-18,193.00,206.60,215.10,219.70,218.80,219.40,221.10,224.30,225.50,226.50
2008-04-25,206.60,215.10,219.70,218.80,219.40,221.10,224.30,225.50,226.50,228.10
2008-05-02,215.10,219.70,218.80,219.40,221.10,224.30,225.50,226.50,228.10,230.90
2008-05-09,219.70,218.80,219.40,221.10,224.30,225.50,226.50,228.10,230.90,238.10
2008-05-16,218.80,219.40,221.10,224.30,225.50,226.50,228.10,230.90,238.10,240.60
2008-05-23,219.40,221.10,224.30,225.50,226.50,228.10,230.90,238.10,240.60,240.00
2008-05-30,221.10,224.30,225.50,226.50,228.10,230.90,238.10,240.60,240.00,241.80
2008-06-06,224.30,225.50,226.50,228.10,230.90,238.10,240.60,240.00,241.80,244.70
2008-06-13,225.50,226.50,228.10,230.90,238.10,240.60,240.00,241.80,244.70,244.80
2008-06-20,226.50,228.10,230.90,238.10,240.60,240.00,241.80,244.70,244.80,242.70
2008-06-27,228.10,230.90,238.10,240.60,240.00,241.80,244.70,244.80,242.70,241.50
2008-07-04,230.90,238.10,240.60,240.00,241.80,244.70,244.80,242.70,241.50,241.00
2008-07-11,238.10,240.60,240.00,241.80,244.70,244.80,242.70,241.50,241.00,240.50
2008-07-18,240.60,240.00,241.80,244.70,244.80,242.70,241.50,241.00,240.50,240.20
2008-07-25,240.00,241.80,244.70,244.80,242.70,241.50,241.00,240.50,240.20,239.20
2008-08-01,241.80,244.70,244.80,242.70,241.50,241.00,240.50,240.20,239.20,237.20
2008-08-08,244.70,244.80,242.70,241.50,241.00,240.50,240.20,239.20,237.20,234.80
2008-08-15,244.80,242.70,241.50,241.00,240.50,240.20,239.20,237.20,234.80,230.60
2008-08-22,242.70,241.50,241.00,240.50,240.20,239.20,237.20,234.80,230.60,220.60
2008-08-29,241.50,241.00,240.50,240.20,239.20,237.20,234.80,230.60,220.60,216.20
2008-09-05,241.00,240.50,240.20,239.20,237.20,234.80,230.60,220.60,216.20,216.30
2008-09-12,240.50,240.20,239.20,237.20,234.80,230.60,220.60,216.20,216.30,212.00
2008-09-19,240.20,239.20,237.20,234.80,230.60,220.60,216.20,216.30,212.00,204.90
2008-09-26,239.20,237.20,234.80,230.60,220.60,216.20,216.30,212.00,204.90,193.10
2008-10-03,237.20,234.80,230.60,220.60,216.20,216.30,212.00,204.90,193.10,190.70
2008-10-10,234.80,230.60,220.60,216.20,216.30,212.00,204.90,193.10,190.70,170.50
2008-10-17,230.60,220.60,216.20,216.30,212.00,204.90,193.10,190.70,170.50,152.60
2008-10-24,220.60,216.20,216.30,212.00,204.90,193.10,190.70,170.50,152.60,147.40
2008-10-31,216.20,216.30,212.00,204.90,193.10,190.70,170.50,152.60,147.40,145.60
2008-11-07,216.30,212.00,204.90,193.10,190.70,170.50,152.60,147.40,145.60,136.80
2008-11-14,212.00,204.90,193.10,190.70,170.50,152.60,147.40,145.60,136.80,131.40
2008-11-21,204.90,193.10,190.70,170.50,152.60,147.40,145.60,136.80,131.40,133.10
2008-11-28,193.10,190.70,170.50,152.60,147.40,145.60,136.80,131.40,133.10,132.60
2008-12-05,190.70,170.50,152.60,147.40,145.60,136.80,131.40,133.10,132.60,134.50
2008-12-12,170.50,152.60,147.40,145.60,136.80,131.40,133.10,132.60,134.50,136.10
2008-12-19,152.60,147.40,145.60,136.80,131.40,133.10,132.60,134.50,136.10,135.10
2008-12-26,147.40,145.60,136.80,131.40,133.10,132.60,134.50,136.10,135.10,135.90
2009-01-02,145.60,136.80,131.40,133.10,132.60,134.50,136.10,135.10,135.90,137.80
2009-01-09,136.80,131.40,133.10,132.60,134.50,136.10,135.10,135.90,137.80,141.60
2009-01-16,131.40,133.10,132.60,134.50,136.10,135.10,135.90,137.80,141.60,141.30
2009-01-23,133.10,132.60,134.50,136.10,135.10,135.90,137.80,141.60,141.30,142.10
2009-01-30,132.60,134.50,136.10,135.10,135.90,137.80,141.60,141.30,142.10,142.10
2009-02-06,134.50,136.10,135.10,135.90,137.80,141.60,141.30,142.10,142.10,146.90
2009-02-13,136.10,135.10,135.90,137.80,141.60,141.30,142.10,142.10,146.90,143.90
2009-02-20,135.10,135.90,137.80,141.60,141.30,142.10,142.10,146.90,143.90,134.90
2009-02-27,135.90,137.80,141.60,141.30,142.10,142.10,146.90,143.90,134.90,133.40
2009-03-06,137.80,141.60,141.30,142.10,142.10,146.90,143.90,134.90,133.40,128.80
2009-03-13,141.60,141.30,142.10,142.10,146.90,143.90,134.90,133.40,128.80,128.30
2009-03-20,141.30,142.10,142.10,146.90,143.90,134.90,133.40,128.80,128.30,127.70
2009-03-27,142.10,142.10,146.90,143.90,134.90,133.40,128.80,128.30,127.70,127.20
2009-04-03,142.10,146.90,143.90,134.90,133.40,128.80,128.30,127.70,127.20,125.30
2009-04-10,146.90,143.90,134.90,133.40,128.80,128.30,127.70,127.20,125.30,124.10
2009-04-17,143.90,134.90,133.40,128.80,128.30,127.70,127.20,125.30,124.10,123.40
2009-04-24,134.90,133.40,128.80,128.30,127.70,127.20,125.30,124.10,123.40,123.50
2009-05-01,133.40,128.80,128.30,127.70,127.20,125.30,124.10,123.40,123.50,122.60
2009-05-08,128.80,128.30,127.70,127.20,125.30,124.10,123.40,123.50,122.60,124.60
2009-05-15,128.30,127.70,127.20,125.30,124.10,123.40,123.50,122.60,124.60,126.80
2009-05-22,127.70,127.20,125.30,124.10,123.40,123.50,122.60,124.60,126.80,127.00
2009-05-29,127.20,125.30,124.10,123.40,123.50,122.60,124.60,126.80,127.00,126.60
2009-06-05,125.30,124.10,123.40,123.50,122.60,124.60,126.80,127.00,126.60,127.60
2009-06-12,124.10,123.40,123.50,122.60,124.60,126.80,127.00,126.60,127.60,128.10
2009-06-19,123.40,123.50,122.60,124.60,126.80,127.00,126.60,127.60,128.10,131.30
2009-06-26,123.50,122.60,124.60,126.80,127.00,126.60,127.60,128.10,131.30,134.30
2009-07-03,122.60,124.60,126.80,127.00,126.60,127.60,128.10,131.30,134.30,133.90
2009-07-10,124.60,126.80,127.00,126.60,127.60,128.10,131.30,134.30,133.90,133.90
2009-07-17,126.80,127.00,126.60,127.60,128.10,131.30,134.30,133.90,133.90,137.70
2009-07-24,127.00,126.60,127.60,128.10,131.30,134.30,133.90,133.90,137.70,141.70
2009-07-31,126.60,127.60,128.10,131.30,134.30,133.90,133.90,137.70,141.70,145.70
2009-08-07,127.60,128.10,131.30,134.30,133.90,133.90,137.70,141.70,145.70,156.90
2009-08-14,128.10,131.30,134.30,133.90,133.90,137.70,141.70,145.70,156.90,149.60
2009-08-21,131.30,134.30,133.90,133.90,137.70,141.70,145.70,156.90,149.60,140.70
2009-08-28,134.30,133.90,133.90,137.70,141.70,145.70,156.90,149.60,140.70,139.00
2009-09-04,133.90,133.90,137.70,141.70,145.70,156.90,149.60,140.70,139.00,135.80
2009-09-11,133.90,137.70,141.70,145.70,156.90,149.60,140.70,139.00,135.80,133.50
2009-09-18,137.70,141.70,145.70,156.90,149.60,140.70,139.00,135.80,133.50,132.20
2009-09-25,141.70,145.70,156.90,149.60,140.70,139.00,135.80,133.50,132.20,130.30
2009-10-02,145.70,156.90,149.60,140.70,139.00,135.80,133.50,132.20,130.30,130.30
2009-10-09,156.90,149.60,140.70,139.00,135.80,133.50,132.20,130.30,130.30,129.10
2009-10-16,149.60,140.70,139.00,135.80,133.50,132.20,130.30,130.30,129.10,127.30
2009-10-23,140.70,139.00,135.80,133.50,132.20,130.30,130.30,129.10,127.30,129.20
2009-10-30,139.00,135.80,133.50,132.20,130.30,130.30,129.10,127.30,129.20,130.90
2009-11-06,135.80,133.50,132.20,130.30,130.30,129.10,127.30,129.20,130.90,132.20
2009-11-13,133.50,132.20,130.30,130.30,129.10,127.30,129.20,130.90,132.20,134.80
2009-11-20,132.20,130.30,130.30,129.10,127.30,129.20,130.90,132.20,134.80,136.20
2009-11-27,130.30,130.30,129.10,127.30,129.20,130.90,132.20,134.80,136.20,138.70
2009-12-04,130.30,129.10,127.30,129.20,130.90,132.20,134.80,136.20,138.70,138.70
2009-12-11,129.10,127.30,129.20,130.90,132.20,134.80,136.20,138.70,138.70,139.00
2009-12-18,127.30,129.20,130.90,132.20,134.80,136.20,138.70,138.70,139.00,139.90
2009-12-25,129.20,130.90,132.20,134.80,136.20,138.70,138.70,139.00,139.90,142.30
2010-01-01,130.90,132.20,134.80,136.20,138.70,138.70,139.00,139.90,142.30,144.50
2010-01-08,132.20,134.80,136.20,138.70,138.70,139.00,139.90,142.30,144.50,147.50
2010-01-15,134.80,136.20,138.70,138.70,139.00,139.90,142.30,144.50,147.50,147.40
2010-01-22,136.20,138.70,138.70,139.00,139.90,142.30,144.50,147.50,147.40,146.00
2010-01-29,138.70,138.70,139.00,139.90,142.30,144.50,147.50,147.40,146.00,145.10
2010-02-05,138.70,139.00,139.90,142.30,144.50,147.50,147.40,146.00,145.10,144.90
2010-02-12,139.00,139.90,142.30,144.50,147.50,147.40,146.00,145.10,144.90,144.70
2010-02-19,139.90,142.30,144.50,147.50,147.40,146.00,145.10,144.90,144.70,144.70
2010-02-26,142.30,144.50,147.50,147.40,146.00,145.10,144.90,144.70,144.70,146.70
2010-03-05,144.50,147.50,147.40,146.00,145.10,144.90,144.70,144.70,146.70,149.00
2010-03-12,147.50,147.40,146.00,145.10,144.90,144.70,144.70,146.70,149.00,154.40
2010-03-19,147.40,146.00,145.10,144.90,144.70,144.70,146.70,149.00,154.40,160.70
2010-03-26,146.00,145.10,144.90,144.70,144.70,146.70,149.00,154.40,160.70,165.40
2010-04-02,145.10,144.90,144.70,144.70,146.70,149.00,154.40,160.70,165.40,170.20
2010-04-09,144.90,144.70,144.70,146.70,149.00,154.40,160.70,165.40,170.20,173.10
2010-04-16,144.70,144.70,146.70,149.00,154.40,160.70,165.40,170.20,173.10,176.60
2010-04-23,144.70,146.70,149.00,154.40,160.70,165.40,170.20,173.10,176.60,176.80
2010-04-30,146.70,149.00,154.40,160.70,165.40,170.20,173.10,176.60,176.80,175.90
2010-05-07,149.00,154.40,160.70,165.40,170.20,173.10,176.60,176.80,175.90,176.10
2010-05-14,154.40,160.70,165.40,170.20,173.10,176.60,176.80,175.90,176.10,172.80
2010-05-21,160.70,165.40,170.20,173.10,176.60,176.80,175.90,176.10,172.80,167.40
2010-05-28,165.40,170.20,173.10,176.60,176.80,175.90,176.10,172.80,167.40,166.30
2010-06-04,170.20,173.10,176.60,176.80,175.90,176.10,172.80,167.40,166.30,164.40
2010-06-11,173.10,176.60,176.80,175.90,176.10,172.80,167.40,166.30,164.40,160.80
2010-06-18,176.60,176.80,175.90,176.10,172.80,167.40,166.30,164.40,160.80,160.20
2010-06-25,176.80,175.90,176.10,172.80,167.40,166.30,164.40,160.80,160.20,158.90
2010-07-02,175.90,176.10,172.80,167.40,166.30,164.40,160.80,160.20,158.90,155.50
2010-07-09,176.10,172.80,167.40,166.30,164.40,160.80,160.20,158.90,155.50,150.40
2010-07-16,172.80,167.40,166.30,164.40,160.80,160.20,158.90,155.50,150.40,148.10
2010-07-23,167.40,166.30,164.40,160.80,160.20,158.90,155.50,150.40,148.10,155.40
2010-07-30,166.30,164.40,160.80,160.20,158.90,155.50,150.40,148.10,155.40,158.80
2010-08-06,164.40,160.80,160.20,158.90,155.50,150.40,148.10,155.40,158.80,161.70
2010-08-13,160.80,160.20,158.90,155.50,150.40,148.10,155.40,158.80,161.70,162.00
2010-08-20,160.20,158.90,155.50,150.40,148.10,155.40,158.80,161.70,162.00,162.00
2010-08-27,158.90,155.50,150.40,148.10,155.40,158.80,161.70,162.00,162.00,160.10
2010-09-03,155.50,150.40,148.10,155.40,158.80,161.70,162.00,162.00,160.10,161.20
2010-09-10,150.40,148.10,155.40,158.80,161.70,162.00,162.00,160.10,161.20,166.90
2010-09-17,148.10,155.40,158.80,161.70,162.00,162.00,160.10,161.20,166.90,165.20
2010-09-25,155.40,158.80,161.70,162.00,162.00,160.10,161.20,166.90,165.20,164.00
2010-10-01,158.80,161.70,162.00,162.00,160.10,161.20,166.90,165.20,164.00,164.00
2010-10-08,161.70,162.00,162.00,160.10,161.20,166.90,165.20,164.00,164.00,162.90
2010-10-15,162.00,162.00,160.10,161.20,166.90,165.20,164.00,164.00,162.90,163.70
2010-10-22,162.00,160.10,161.20,166.90,165.20,164.00,164.00,162.90,163.70,162.70
2010-10-29,160.10,161.20,166.90,165.20,164.00,164.00,162.90,163.70,162.70,161.20
2010-11-05,161.20,166.90,165.20,164.00,164.00,162.90,163.70,162.70,161.20,163.30
2010-11-12,166.90,165.20,164.00,164.00,162.90,163.70,162.70,161.20,163.30,166.10
2010-11-19,165.20,164.00,164.00,162.90,163.70,162.70,161.20,163.30,166.10,165.40
2010-11-26,164.00,164.00,162.90,163.70,162.70,161.20,163.30,166.10,165.40,165.60
2010-12-03,164.00,162.90,163.70,162.70,161.20,163.30,166.10,165.40,165.60,165.90
2010-12-10,162.90,163.70,162.70,161.20,163.30,166.10,165.40,165.60,165.90,168.40
2010-12-17,163.70,162.70,161.20,163.30,166.10,165.40,165.60,165.90,168.40,171.40
2010-12-24,162.70,161.20,163.30,166.10,165.40,165.60,165.90,168.40,171.40,173.70
2010-12-31,161.20,163.30,166.10,165.40,165.60,165.90,168.40,171.40,173.70,173.50
2011-01-07,163.30,166.10,165.40,165.60,165.90,168.40,171.40,173.70,173.50,175.50
2011-01-14,166.10,165.40,165.60,165.90,168.40,171.40,173.70,173.50,175.50,177.50
2011-01-21,165.40,165.60,165.90,168.40,171.40,173.70,173.50,175.50,177.50,180.50
2011-01-28,165.60,165.90,168.40,171.40,173.70,173.50,175.50,177.50,180.50,182.00
2011-02-04,165.90,168.40,171.40,173.70,173.50,175.50,177.50,180.50,182.00,182.30
2011-02-11,168.40,171.40,173.70,173.50,175.50,177.50,180.50,182.00,182.30,184.80
2011-02-18,171.40,173.70,173.50,175.50,177.50,180.50,182.00,182.30,184.80,185.10
2011-02-25,173.70,173.50,175.50,177.50,180.50,182.00,182.30,184.80,185.10,183.40
2011-03-04,173.50,175.50,177.50,180.50,182.00,182.30,184.80,185.10,183.40,180.90
2011-03-11,175.50,177.50,180.50,182.00,182.30,184.80,185.10,183.40,180.90,177.30
2011-03-18,177.50,180.50,182.00,182.30,184.80,185.10,183.40,180.90,177.30,178.40
2011-03-25,180.50,182.00,182.30,184.80,185.10,183.40,180.90,177.30,178.40,177.40
2011-04-01,182.00,182.30,184.80,185.10,183.40,180.90,177.30,178.40,177.40,178.50
2011-04-08,182.30,184.80,185.10,183.40,180.90,177.30,178.40,177.40,178.50,181.30
2011-04-15,184.80,185.10,183.40,180.90,177.30,178.40,177.40,178.50,181.30,183.80
2011-04-22,185.10,183.40,180.90,177.30,178.40,177.40,178.50,181.30,183.80,183.50
2011-04-29,183.40,180.90,177.30,178.40,177.40,178.50,181.30,183.80,183.50,185.10
2011-05-06,180.90,177.30,178.40,177.40,178.50,181.30,183.80,183.50,185.10,185.20
2011-05-13,177.30,178.40,177.40,178.50,181.30,183.80,183.50,185.10,185.20,184.20
2011-05-20,178.40,177.40,178.50,181.30,183.80,183.50,185.10,185.20,184.20,183.90
2011-05-27,177.40,178.50,181.30,183.80,183.50,185.10,185.20,184.20,183.90,183.60
2011-06-03,178.50,181.30,183.80,183.50,185.10,185.20,184.20,183.90,183.60,183.60
2011-06-10,181.30,183.80,183.50,185.10,185.20,184.20,183.90,183.60,183.60,183.50
2011-06-17,183.80,183.50,185.10,185.20,184.20,183.90,183.60,183.60,183.50,182.10
2011-06-24,183.50,185.10,185.20,184.20,183.90,183.60,183.60,183.50,182.10,180.30
2011-07-01,185.10,185.20,184.20,183.90,183.60,183.60,183.50,182.10,180.30,178.90
2011-07-08,185.20,184.20,183.90,183.60,183.60,183.50,182.10,180.30,178.90,178.50
2011-07-15,184.20,183.90,183.60,183.60,183.50,182.10,180.30,178.90,178.50,178.80
2011-07-22,183.90,183.60,183.60,183.50,182.10,180.30,178.90,178.50,178.80,179.20
2011-07-29,183.60,183.60,183.50,182.10,180.30,178.90,178.50,178.80,179.20,179.62
2011-08-05,183.60,183.50,182.10,180.30,178.90,178.50,178.80,179.20,179.62,180.52
2011-08-12,183.50,182.10,180.30,178.90,178.50,178.80,179.20,179.62,180.52,180.03
2011-08-19,182.10,180.30,178.90,178.50,178.80,179.20,179.62,180.52,180.03,180.48
2011-08-26,180.30,178.90,178.50,178.80,179.20,179.62,180.52,180.03,180.48,180.45
2011-09-02,178.90,178.50,178.80,179.20,179.62,180.52,180.03,180.48,180.45,180.14
2011-09-09,178.50,178.80,179.20,179.62,180.52,180.03,180.48,180.45,180.14,179.99
2011-09-16,178.80,179.20,179.62,180.52,180.03,180.48,180.45,180.14,179.99,179.61
2011-09-23,179.20,179.62,180.52,180.03,180.48,180.45,180.14,179.99,179.61,177.41
2011-09-30,179.62,180.52,180.03,180.48,180.45,180.14,179.99,179.61,177.41,174.71
2011-10-08,180.52,180.03,180.48,180.45,180.14,179.99,179.61,177.41,174.71,174.50
2011-10-14,180.03,180.48,180.45,180.14,179.99,179.61,177.41,174.71,174.50,171.12
2011-10-21,180.48,180.45,180.14,179.99,179.61,177.41,174.71,174.50,171.12,162.55
2011-10-28,180.45,180.14,179.99,179.61,177.41,174.71,174.50,171.12,162.55,161.11
2011-11-04,180.14,179.99,179.61,177.41,174.71,174.50,171.12,162.55,161.11,159.80
2011-11-11,179.99,179.61,177.41,174.71,174.50,171.12,162.55,161.11,159.80,158.73
2011-11-18,179.61,177.41,174.71,174.50,171.12,162.55,161.11,159.80,158.73,159.10
2011-11-25,177.41,174.71,174.50,171.12,162.55,161.11,159.80,158.73,159.10,158.16
2011-12-02,174.71,174.50,171.12,162.55,161.11,159.80,158.73,159.10,158.16,157.45
2011-12-09,174.50,171.12,162.55,161.11,159.80,158.73,159.10,158.16,157.45,157.26
2011-12-16,171.12,162.55,161.11,159.80,158.73,159.10,158.16,157.45,157.26,156.91
2011-12-23,162.55,161.11,159.80,158.73,159.10,158.16,157.45,157.26,156.91,156.47
2011-12-30,161.11,159.80,158.73,159.10,158.16,157.45,157.26,156.91,156.47,155.76
2012-01-06,159.80,158.73,159.10,158.16,157.45,157.26,156.91,156.47,155.76,155.64
2012-01-13,158.73,159.10,158.16,157.45,157.26,156.91,156.47,155.76,155.64,155.42
2012-01-20,159.10,158.16,157.45,157.26,156.91,156.47,155.76,155.64,155.42,155.49
2012-01-29,158.16,157.45,157.26,156.91,156.47,155.76,155.64,155.42,155.49,155.56
2012-02-03,157.45,157.26,156.91,156.47,155.76,155.64,155.42,155.49,155.56,156.42
2012-02-10,157.26,156.91,156.47,155.76,155.64,155.42,155.49,155.56,156.42,156.74
2012-02-17,156.91,156.47,155.76,155.64,155.42,155.49,155.56,156.42,156.74,156.91
2012-02-24,156.47,155.76,155.64,155.42,155.49,155.56,156.42,156.74,156.91,157.78
2012-03-02,155.76,155.64,155.42,155.49,155.56,156.42,156.74,156.91,157.78,159.64
2012-03-09,155.64,155.42,155.49,155.56,156.42,156.74,156.91,157.78,159.64,160.49
2012-03-16,155.42,155.49,155.56,156.42,156.74,156.91,157.78,159.64,160.49,161.80
2012-03-23,155.49,155.56,156.42,156.74,156.91,157.78,159.64,160.49,161.80,162.85
2012-03-30,155.56,156.42,156.74,156.91,157.78,159.64,160.49,161.80,162.85,163.50
2012-04-06,156.42,156.74,156.91,157.78,159.64,160.49,161.80,162.85,163.50,163.66
2012-04-13,156.74,156.91,157.78,159.64,160.49,161.80,162.85,163.50,163.66,164.10
2012-04-20,156.91,157.78,159.64,160.49,161.80,162.85,163.50,163.66,164.10,163.61
2012-04-27,157.78,159.64,160.49,161.80,162.85,163.50,163.66,164.10,163.61,162.42
2012-05-04,159.64,160.49,161.80,162.85,163.50,163.66,164.10,163.61,162.42,161.62
2012-05-11,160.49,161.80,162.85,163.50,163.66,164.10,163.61,162.42,161.62,159.10
2012-05-18,161.80,162.85,163.50,163.66,164.10,163.61,162.42,161.62,159.10,156.53
2012-05-25,162.85,163.50,163.66,164.10,163.61,162.42,161.62,159.10,156.53,154.46
2012-06-01,163.50,163.66,164.10,163.61,162.42,161.62,159.10,156.53,154.46,153.42
2012-06-08,163.66,164.10,163.61,162.42,161.62,159.10,156.53,154.46,153.42,152.73
2012-06-15,164.10,163.61,162.42,161.62,159.10,156.53,154.46,153.42,152.73,152.18
2012-06-22,163.61,162.42,161.62,159.10,156.53,154.46,153.42,152.73,152.18,152.18
2012-06-29,162.42,161.62,159.10,156.53,154.46,153.42,152.73,152.18,152.18,150.87
2012-07-06,161.62,159.10,156.53,154.46,153.42,152.73,152.18,152.18,150.87,149.45
2012-07-13,159.10,156.53,154.46,153.42,152.73,152.18,152.18,150.87,149.45,147.24
2012-07-20,156.53,154.46,153.42,152.73,152.18,152.18,150.87,149.45,147.24,143.00
2012-07-27,154.46,153.42,152.73,152.18,152.18,150.87,149.45,147.24,143.00,137.66
2012-08-03,153.42,152.73,152.18,152.18,150.87,149.45,147.24,143.00,137.66,135.79
2012-08-10,152.73,152.18,152.18,150.87,149.45,147.24,143.00,137.66,135.79,134.00
2012-08-17,152.18,152.18,150.87,149.45,147.24,143.00,137.66,135.79,134.00,132.76
2012-08-24,152.18,150.87,149.45,147.24,143.00,137.66,135.79,134.00,132.76,130.56
2012-08-31,150.87,149.45,147.24,143.00,137.66,135.79,134.00,132.76,130.56,128.08
2012-09-07,149.45,147.24,143.00,137.66,135.79,134.00,132.76,130.56,128.08,124.31
2012-09-14,147.24,143.00,137.66,135.79,134.00,132.76,130.56,128.08,124.31,127.46
2012-09-21,143.00,137.66,135.79,134.00,132.76,130.56,128.08,124.31,127.46,133.29
2012-09-28,137.66,135.79,134.00,132.76,130.56,128.08,124.31,127.46,133.29,132.43
2012-10-05,135.79,134.00,132.76,130.56,128.08,124.31,127.46,133.29,132.43,132.43
2012-10-12,134.00,132.76,130.56,128.08,124.31,127.46,133.29,132.43,132.43,135.55
2012-10-19,132.76,130.56,128.08,124.31,127.46,133.29,132.43,132.43,135.55,134.24
2012-10-26,130.56,128.08,124.31,127.46,133.29,132.43,132.43,135.55,134.24,134.24
2012-11-02,128.08,124.31,127.46,133.29,132.43,132.43,135.55,134.24,134.24,135.28
2012-11-09,124.31,127.46,133.29,132.43,132.43,135.55,134.24,134.24,135.28,137.48
2012-11-16,127.46,133.29,132.43,132.43,135.55,134.24,134.24,135.28,137.48,138.95
2012-11-23,133.29,132.43,132.43,135.55,134.24,134.24,135.28,137.48,138.95,138.09
2012-11-30,132.43,132.43,135.55,134.24,134.24,135.28,137.48,138.95,138.09,137.22
2012-12-07,132.43,135.55,134.24,134.24,135.28,137.48,138.95,138.09,137.22,137.01
2012-12-14,135.55,134.24,134.24,135.28,137.48,138.95,138.09,137.22,137.01,137.58
2012-12-21,134.24,134.24,135.28,137.48,138.95,138.09,137.22,137.01,137.58,139.31
2012-12-28,134.24,135.28,137.48,138.95,138.09,137.22,137.01,137.58,139.31,140.16
2013-01-04,135.28,137.48,138.95,138.09,137.22,137.01,137.58,139.31,140.16,141.49
2013-01-11,137.48,138.95,138.09,137.22,137.01,137.58,139.31,140.16,141.49,145.52
2013-01-18,138.95,138.09,137.22,137.01,137.58,139.31,140.16,141.49,145.52,145.08
2013-01-25,138.09,137.22,137.01,137.58,139.31,140.16,141.49,145.52,145.08,145.39
2013-02-01,137.22,137.01,137.58,139.31,140.16,141.49,145.52,145.08,145.39,147.22
2013-02-08,137.01,137.58,139.31,140.16,141.49,145.52,145.08,145.39,147.22,147.64
2013-02-16,137.58,139.31,140.16,141.49,145.52,145.08,145.39,147.22,147.64,148.02
2013-02-22,139.31,140.16,141.49,145.52,145.08,145.39,147.22,147.64,148.02,150.10
2013-03-01,140.16,141.49,145.52,145.08,145.39,147.22,147.64,148.02,150.10,148.32
2013-03-08,141.49,145.52,145.08,145.39,147.22,147.64,148.02,150.10,148.32,146.69
2013-03-15,145.52,145.08,145.39,147.22,147.64,148.02,150.10,148.32,146.69,143.57
2013-03-22,145.08,145.39,147.22,147.64,148.02,150.10,148.32,146.69,143.57,144.60
2013-03-29,145.39,147.22,147.64,148.02,150.10,148.32,146.69,143.57,144.60,143.41
2013-04-07,147.22,147.64,148.02,150.10,148.32,146.69,143.57,144.60,143.41,142.77
2013-04-12,147.64,148.02,150.10,148.32,146.69,143.57,144.60,143.41,142.77,142.75
2013-04-19,148.02,150.10,148.32,146.69,143.57,144.60,143.41,142.77,142.75,140.87
2013-04-26,150.10,148.32,146.69,143.57,144.60,143.41,142.77,142.75,140.87,139.68
2013-05-03,148.32,146.69,143.57,144.60,143.41,142.77,142.75,140.87,139.68,138.73
2013-05-10,146.69,143.57,144.60,143.41,142.77,142.75,140.87,139.68,138.73,137.93
2013-05-17,143.57,144.60,143.41,142.77,142.75,140.87,139.68,138.73,137.93,136.59
2013-05-24,144.60,143.41,142.77,142.75,140.87,139.68,138.73,137.93,136.59,135.16
2013-05-31,143.41,142.77,142.75,140.87,139.68,138.73,137.93,136.59,135.16,132.72
2013-06-07,142.77,142.75,140.87,139.68,138.73,137.93,136.59,135.16,132.72,132.05
2013-06-14,142.75,140.87,139.68,138.73,137.93,136.59,135.16,132.72,132.05,131.31
2013-06-21,140.87,139.68,138.73,137.93,136.59,135.16,132.72,132.05,131.31,131.51
2013-06-28,139.68,138.73,137.93,136.59,135.16,132.72,132.05,131.31,131.51,130.67
2013-07-05,138.73,137.93,136.59,135.16,132.72,132.05,131.31,131.51,130.67,131.62
2013-07-12,137.93,136.59,135.16,132.72,132.05,131.31,131.51,130.67,131.62,132.29
2013-07-19,136.59,135.16,132.72,132.05,131.31,131.51,130.67,131.62,132.29,133.83
2013-07-26,135.16,132.72,132.05,131.31,131.51,130.67,131.62,132.29,133.83,134.54
2013-08-02,132.72,132.05,131.31,131.51,130.67,131.62,132.29,133.83,134.54,133.97
2013-08-09,132.05,131.31,131.51,130.67,131.62,132.29,133.83,134.54,133.97,134.37
2013-08-16,131.31,131.51,130.67,131.62,132.29,133.83,134.54,133.97,134.37,135.57
2013-08-23,131.51,130.67,131.62,132.29,133.83,134.54,133.97,134.37,135.57,135.58
2013-08-30,130.67,131.62,132.29,133.83,134.54,133.97,134.37,135.57,135.58,135.33
2013-09-06,131.62,132.29,133.83,134.54,133.97,134.37,135.57,135.58,135.33,134.51
2013-09-13,132.29,133.83,134.54,133.97,134.37,135.57,135.58,135.33,134.51,132.89
2013-09-20,133.83,134.54,133.97,134.37,135.57,135.58,135.33,134.51,132.89,131.45
2013-09-27,134.54,133.97,134.37,135.57,135.58,135.33,134.51,132.89,131.45,130.32
2013-10-04,133.97,134.37,135.57,135.58,135.33,134.51,132.89,131.45,130.32,130.32
2013-10-11,134.37,135.57,135.58,135.33,134.51,132.89,131.45,130.32,130.32,129.87
2013-10-18,135.57,135.58,135.33,134.51,132.89,131.45,130.32,130.32,129.87,129.09
2013-10-25,135.58,135.33,134.51,132.89,131.45,130.32,130.32,129.87,129.09,128.12
2013-11-01,135.33,134.51,132.89,131.45,130.32,130.32,129.87,129.09,128.12,127.71
2013-11-08,134.51,132.89,131.45,130.32,130.32,129.87,129.09,128.12,127.71,128.25
2013-11-15,132.89,131.45,130.32,130.32,129.87,129.09,128.12,127.71,128.25,127.93
2013-11-22,131.45,130.32,130.32,129.87,129.09,128.12,127.71,128.25,127.93,127.68
2013-11-29,130.32,130.32,129.87,129.09,128.12,127.71,128.25,127.93,127.68,127.55
2013-12-06,130.32,129.87,129.09,128.12,127.71,128.25,127.93,127.68,127.55,128.19
2013-12-13,129.87,129.09,128.12,127.71,128.25,127.93,127.68,127.55,128.19,129.49
2013-12-20,129.09,128.12,127.71,128.25,127.93,127.68,127.55,128.19,129.49,130.24
2013-12-27,128.12,127.71,128.25,127.93,127.68,127.55,128.19,129.49,130.24,130.24
2014-01-03,127.71,128.25,127.93,127.68,127.55,128.19,129.49,130.24,130.24,129.99
2014-01-10,128.25,127.93,127.68,127.55,128.19,129.49,130.24,130.24,129.99,128.98
2014-01-17,127.93,127.68,127.55,128.19,129.49,130.24,130.24,129.99,128.98,128.81
2014-01-24,127.68,127.55,128.19,129.49,130.24,130.24,129.99,128.98,128.81,128.60
2014-01-31,127.55,128.19,129.49,130.24,130.24,129.99,128.98,128.81,128.60,128.61
2014-02-07,128.19,129.49,130.24,130.24,129.99,128.98,128.81,128.60,128.61,128.67
2014-02-14,129.49,130.24,130.24,129.99,128.98,128.81,128.60,128.61,128.67,128.43
2014-02-21,130.24,130.24,129.99,128.98,128.81,128.60,128.61,128.67,128.43,128.62
2014-02-28,130.24,129.99,128.98,128.81,128.60,128.61,128.67,128.43,128.62,128.02
2014-03-07,129.99,128.98,128.81,128.60,128.61,128.67,128.43,128.62,128.02,127.69
2014-03-14,128.98,128.81,128.60,128.61,128.67,128.43,128.62,128.02,127.69,127.03
2014-03-21,128.81,128.60,128.61,128.67,128.43,128.62,128.02,127.69,127.03,126.95
2014-03-28,128.60,128.61,128.67,128.43,128.62,128.02,127.69,127.03,126.95,127.41
2014-04-04,128.61,128.67,128.43,128.62,128.02,127.69,127.03,126.95,127.41,127.97
2014-04-11,128.67,128.43,128.62,128.02,127.69,127.03,126.95,127.41,127.97,129.55
2014-04-18,128.43,128.62,128.02,127.69,127.03,126.95,127.41,127.97,129.55,129.54
2014-04-25,128.62,128.02,127.69,127.03,126.95,127.41,127.97,129.55,129.54,128.99
2014-05-02,128.02,127.69,127.03,126.95,127.41,127.97,129.55,129.54,128.99,128.77
2014-05-09,127.69,127.03,126.95,127.41,127.97,129.55,129.54,128.99,128.77,128.53
2014-05-16,127.03,126.95,127.41,127.97,129.55,129.54,128.99,128.77,128.53,128.13
2014-05-23,126.95,127.41,127.97,129.55,129.54,128.99,128.77,128.53,128.13,127.51
2014-05-30,127.41,127.97,129.55,129.54,128.99,128.77,128.53,128.13,127.51,127.52
2014-06-06,127.97,129.55,129.54,128.99,128.77,128.53,128.13,127.51,127.52,127.16
2014-06-13,129.55,129.54,128.99,128.77,128.53,128.13,127.51,127.52,127.16,126.76
2014-06-20,129.54,128.99,128.77,128.53,128.13,127.51,127.52,127.16,126.76,125.81
2014-06-27,128.99,128.77,128.53,128.13,127.51,127.52,127.16,126.76,125.81,125.16
2014-07-04,128.77,128.53,128.13,127.51,127.52,127.16,126.76,125.81,125.16,124.62
2014-07-11,128.53,128.13,127.51,127.52,127.16,126.76,125.81,125.16,124.62,124.29
2014-07-18,128.13,127.51,127.52,127.16,126.76,125.81,125.16,124.62,124.29,124.14
2014-07-25,127.51,127.52,127.16,126.76,125.81,125.16,124.62,124.29,124.14,123.65
2014-08-01,127.52,127.16,126.76,125.81,125.16,124.62,124.29,124.14,123.65,123.26
2014-08-08,127.16,126.76,125.81,125.16,124.62,124.29,124.14,123.65,123.26,122.68
2014-08-15,126.76,125.81,125.16,124.62,124.29,124.14,123.65,123.26,122.68,121.66
2014-08-22,125.81,125.16,124.62,124.29,124.14,123.65,123.26,122.68,121.66,120.74
2014-08-29,125.16,124.62,124.29,124.14,123.65,123.26,122.68,121.66,120.74,119.77
2014-09-05,124.62,124.29,124.14,123.65,123.26,122.68,121.66,120.74,119.77,118.61
2014-09-12,124.29,124.14,123.65,123.26,122.68,121.66,120.74,119.77,118.61,116.75
2014-09-19,124.14,123.65,123.26,122.68,121.66,120.74,119.77,118.61,116.75,115.53
2014-09-26,123.65,123.26,122.68,121.66,120.74,119.77,118.61,116.75,115.53,113.59
2014-10-03,123.26,122.68,121.66,120.74,119.77,118.61,116.75,115.53,113.59,113.32
2014-10-10,122.68,121.66,120.74,119.77,118.61,116.75,115.53,113.59,113.32,112.51
2014-10-17,121.66,120.74,119.77,118.61,116.75,115.53,113.59,113.32,112.51,112.57
2014-10-24,120.74,119.77,118.61,116.75,115.53,113.59,113.32,112.51,112.57,112.08
2014-10-31,119.77,118.61,116.75,115.53,113.59,113.32,112.51,112.57,112.08,111.56
2014-11-07,118.61,116.75,115.53,113.59,113.32,112.51,112.57,112.08,111.56,111.12
2014-11-14,116.75,115.53,113.59,113.32,112.51,112.57,112.08,111.56,111.12,110.82
2014-11-21,115.53,113.59,113.32,112.51,112.57,112.08,111.56,111.12,110.82,110.47
2014-11-28,113.59,113.32,112.51,112.57,112.08,111.56,111.12,110.82,110.47,110.50
2014-12-05,113.32,112.51,112.57,112.08,111.56,111.12,110.82,110.47,110.50,110.57
2014-12-12,112.51,112.57,112.08,111.56,111.12,110.82,110.47,110.50,110.57,110.55
2014-12-19,112.57,112.08,111.56,111.12,110.82,110.47,110.50,110.57,110.55,110.18
2014-12-26,112.08,111.56,111.12,110.82,110.47,110.50,110.57,110.55,110.18,108.50
2015-01-02,111.56,111.12,110.82,110.47,110.50,110.57,110.55,110.18,108.50,107.44
2015-01-09,111.12,110.82,110.47,110.50,110.57,110.55,110.18,108.50,107.44,105.59
2015-01-16,110.82,110.47,110.50,110.57,110.55,110.18,108.50,107.44,105.59,102.19
2015-01-23,110.47,110.50,110.57,110.55,110.18,108.50,107.44,105.59,102.19,97.89
2015-01-30,110.50,110.57,110.55,110.18,108.50,107.44,105.59,102.19,97.89,95.20
2015-02-06,110.57,110.55,110.18,108.50,107.44,105.59,102.19,97.89,95.20,95.26
2015-02-13,110.55,110.18,108.50,107.44,105.59,102.19,97.89,95.20,95.26,95.45
2015-02-20,110.18,108.50,107.44,105.59,102.19,97.89,95.20,95.26,95.45,95.45
2015-02-27,108.50,107.44,105.59,102.19,97.89,95.20,95.26,95.45,95.45,95.79
2015-03-06,107.44,105.59,102.19,97.89,95.20,95.26,95.45,95.45,95.79,95.03
2015-03-13,105.59,102.19,97.89,95.20,95.26,95.45,95.45,95.79,95.03,93.95
2015-03-20,102.19,97.89,95.20,95.26,95.45,95.45,95.79,95.03,93.95,94.37
2015-03-27,97.89,95.20,95.26,95.45,95.45,95.79,95.03,93.95,94.37,96.38
2015-04-03,95.20,95.26,95.45,95.45,95.79,95.03,93.95,94.37,96.38,95.40
2015-04-10,95.26,95.45,95.45,95.79,95.03,93.95,94.37,96.38,95.40,93.76
2015-04-17,95.45,95.45,95.79,95.03,93.95,94.37,96.38,95.40,93.76,93.17
2015-04-24,95.45,95.79,95.03,93.95,94.37,96.38,95.40,93.76,93.17,92.75
2015-05-01,95.79,95.03,93.95,94.37,96.38,95.40,93.76,93.17,92.75,92.66
2015-05-08,95.03,93.95,94.37,96.38,95.40,93.76,93.17,92.75,92.66,92.57
2015-05-15,93.95,94.37,96.38,95.40,93.76,93.17,92.75,92.66,92.57,91.67
2015-05-22,94.37,96.38,95.40,93.76,93.17,92.75,92.66,92.57,91.67,90.19
2015-05-29,96.38,95.40,93.76,93.17,92.75,92.66,92.57,91.67,90.19,89.35
2015-06-05,95.40,93.76,93.17,92.75,92.66,92.57,91.67,90.19,89.35,88.03
2015-06-12,93.76,93.17,92.75,92.66,92.57,91.67,90.19,89.35,88.03,86.01
2015-06-19,93.17,92.75,92.66,92.57,91.67,90.19,89.35,88.03,86.01,83.11
2015-06-26,92.75,92.66,92.57,91.67,90.19,89.35,88.03,86.01,83.11,81.41
2015-07-03,92.66,92.57,91.67,90.19,89.35,88.03,86.01,83.11,81.41,79.10
2015-07-10,92.57,91.67,90.19,89.35,88.03,86.01,83.11,81.41,79.10,76.72
2015-07-17,91.67,90.19,89.35,88.03,86.01,83.11,81.41,79.10,76.72,76.71
2015-07-24,90.19,89.35,88.03,86.01,83.11,81.41,79.10,76.72,76.71,77.18
2015-07-31,89.35,88.03,86.01,83.11,81.41,79.10,76.72,76.71,77.18,78.35
2015-08-07,88.03,86.01,83.11,81.41,79.10,76.72,76.71,77.18,78.35,81.01
2015-08-14,86.01,83.11,81.41,79.10,76.72,76.71,77.18,78.35,81.01,81.19
2015-08-21,83.11,81.41,79.10,76.72,76.71,77.18,78.35,81.01,81.19,80.53
2015-08-28,81.41,79.10,76.72,76.71,77.18,78.35,81.01,81.19,80.53,78.89
2015-09-04,79.10,76.72,76.71,77.18,78.35,81.01,81.19,80.53,78.89,78.03
2015-09-11,76.72,76.71,77.18,78.35,81.01,81.19,80.53,78.89,78.03,77.13
2015-09-18,76.71,77.18,78.35,81.01,81.19,80.53,78.89,78.03,77.13,76.00
2015-09-25,77.18,78.35,81.01,81.19,80.53,78.89,78.03,77.13,76.00,75.20
2015-10-02,78.35,81.01,81.19,80.53,78.89,78.03,77.13,76.00,75.20,74.87
2015-10-09,81.01,81.19,80.53,78.89,78.03,77.13,76.00,75.20,74.87,74.54
2015-10-16,81.19,80.53,78.89,78.03,77.13,76.00,75.20,74.87,74.54,74.61
2015-10-23,80.53,78.89,78.03,77.13,76.00,75.20,74.87,74.54,74.61,74.55
2015-10-30,78.89,78.03,77.13,76.00,75.20,74.87,74.54,74.61,74.55,74.21
2015-11-06,78.03,77.13,76.00,75.20,74.87,74.54,74.61,74.55,74.21,73.12
2015-11-13,77.13,76.00,75.20,74.87,74.54,74.61,74.55,74.21,73.12,72.17
2015-11-20,76.00,75.20,74.87,74.54,74.61,74.55,74.21,73.12,72.17,70.73
2015-11-27,75.20,74.87,74.54,74.61,74.55,74.21,73.12,72.17,70.73,69.65
2015-12-04,74.87,74.54,74.61,74.55,74.21,73.12,72.17,70.73,69.65,69.02
2015-12-11,74.54,74.61,74.55,74.21,73.12,72.17,70.73,69.65,69.02,68.74
2015-12-18,74.61,74.55,74.21,73.12,72.17,70.73,69.65,69.02,68.74,69.44
2015-12-25,74.55,74.21,73.12,72.17,70.73,69.65,69.02,68.74,69.44,70.84
2016-01-01,74.21,73.12,72.17,70.73,69.65,69.02,68.74,69.44,70.84,72.06
2016-01-08,73.12,72.17,70.73,69.65,69.02,68.74,69.44,70.84,72.06,73.27
2016-01-15,72.17,70.73,69.65,69.02,68.74,69.44,70.84,72.06,73.27,72.33
2016-01-22,70.73,69.65,69.02,68.74,69.44,70.84,72.06,73.27,72.33,73.14
2016-01-29,69.65,69.02,68.74,69.44,70.84,72.06,73.27,72.33,73.14,73.11
2016-02-05,69.02,68.74,69.44,70.84,72.06,73.27,72.33,73.14,73.11,73.23
2016-02-12,68.74,69.44,70.84,72.06,73.27,72.33,73.14,73.11,73.23,73.24
2016-02-19,69.44,70.84,72.06,73.27,72.33,73.14,73.11,73.23,73.24,75.44
2016-02-26,70.84,72.06,73.27,72.33,73.14,73.11,73.23,73.24,75.44,79.22
2016-03-04,72.06,73.27,72.33,73.14,73.11,73.23,73.24,75.44,79.22,83.49
2016-03-11,73.27,72.33,73.14,73.11,73.23,73.24,75.44,79.22,83.49,95.88
2016-03-18,72.33,73.14,73.11,73.23,73.24,75.44,79.22,83.49,95.88,92.48
2016-03-25,73.14,73.11,73.23,73.24,75.44,79.22,83.49,95.88,92.48,94.14
2016-04-01,73.11,73.23,73.24,75.44,79.22,83.49,95.88,92.48,94.14,94.38
2016-04-08,73.23,73.24,75.44,79.22,83.49,95.88,92.48,94.14,94.38,97.25
2016-04-15,73.24,75.44,79.22,83.49,95.88,92.48,94.14,94.38,97.25,104.42
2016-04-22,75.44,79.22,83.49,95.88,92.48,94.14,94.38,97.25,104.42,114.97
2016-04-29,79.22,83.49,95.88,92.48,94.14,94.38,97.25,104.42,114.97,110.90
2016-05-06,83.49,95.88,92.48,94.14,94.38,97.25,104.42,114.97,110.90,105.89
2016-05-13,95.88,92.48,94.14,94.38,97.25,104.42,114.97,110.90,105.89,98.25
2016-05-20,92.48,94.14,94.38,97.25,104.42,114.97,110.90,105.89,98.25,95.49
2016-05-27,94.14,94.38,97.25,104.42,114.97,110.90,105.89,98.25,95.49,90.98
2016-06-03,94.38,97.25,104.42,114.97,110.90,105.89,98.25,95.49,90.98,89.23
2016-06-10,97.25,104.42,114.97,110.90,105.89,98.25,95.49,90.98,89.23,89.93
2016-06-17,104.42,114.97,110.90,105.89,98.25,95.49,90.98,89.23,89.93,89.29
2016-06-24,114.97,110.90,105.89,98.25,95.49,90.98,89.23,89.93,89.29,88.59
2016-07-01,110.90,105.89,98.25,95.49,90.98,89.23,89.93,89.29,88.59,90.46
2016-07-08,105.89,98.25,95.49,90.98,89.23,89.93,89.29,88.59,90.46,92.62
2016-07-15,98.25,95.49,90.98,89.23,89.93,89.29,88.59,90.46,92.62,95.10
2016-07-22,95.49,90.98,89.23,89.93,89.29,88.59,90.46,92.62,95.10,94.32
2016-07-29,90.98,89.23,89.93,89.29,88.59,90.46,92.62,95.10,94.32,96.02
2016-08-05,89.23,89.93,89.29,88.59,90.46,92.62,95.10,94.32,96.02,97.02
2016-08-12,89.93,89.29,88.59,90.46,92.62,95.10,94.32,96.02,97.02,98.60
2016-08-19,89.29,88.59,90.46,92.62,95.10,94.32,96.02,97.02,98.60,99.76
2016-08-26,88.59,90.46,92.62,95.10,94.32,96.02,97.02,98.60,99.76,101.56
2016-09-02,90.46,92.62,95.10,94.32,96.02,97.02,98.60,99.76,101.56,100.65
2016-09-09,92.62,95.10,94.32,96.02,97.02,98.60,99.76,101.56,100.65,99.60
2016-09-16,95.10,94.32,96.02,97.02,98.60,99.76,101.56,100.65,99.60,97.68
2016-09-23,94.32,96.02,97.02,98.60,99.76,101.56,100.65,99.60,97.68,97.26
2016-09-30,96.02,97.02,98.60,99.76,101.56,100.65,99.60,97.68,97.26,97.96
2016-10-07,97.02,98.60,99.76,101.56,100.65,99.60,97.68,97.26,97.96,98.17
2016-10-14,98.60,99.76,101.56,100.65,99.60,97.68,97.26,97.96,98.17,100.18
2016-10-21,99.76,101.56,100.65,99.60,97.68,97.26,97.96,98.17,100.18,103.02
2016-10-28,101.56,100.65,99.60,97.68,97.26,97.96,98.17,100.18,103.02,104.59
2016-11-04,100.65,99.60,97.68,97.26,97.96,98.17,100.18,103.02,104.59,111.46
2016-11-11,99.60,97.68,97.26,97.96,98.17,100.18,103.02,104.59,111.46,119.97
2016-11-18,97.68,97.26,97.96,98.17,100.18,103.02,104.59,111.46,119.97,116.35
2016-11-25,97.26,97.96,98.17,100.18,103.02,104.59,111.46,119.97,116.35,120.98
2016-12-02,97.96,98.17,100.18,103.02,104.59,111.46,119.97,116.35,120.98,127.58
2016-12-09,98.17,100.18,103.02,104.59,111.46,119.97,116.35,120.98,127.58,130.54
2016-12-16,100.18,103.02,104.59,111.46,119.97,116.35,120.98,127.58,130.54,137.34
2016-12-23,103.02,104.59,111.46,119.97,116.35,120.98,127.58,130.54,137.34,134.59
2016-12-30,104.59,111.46,119.97,116.35,120.98,127.58,130.54,137.34,134.59,131.19
2017-01-06,111.46,119.97,116.35,120.98,127.58,130.54,137.34,134.59,131.19,129.92
2017-01-13,119.97,116.35,120.98,127.58,130.54,137.34,134.59,131.19,129.92,130.02
2017-01-20,116.35,120.98,127.58,130.54,137.34,134.59,131.19,129.92,130.02,130.59
2017-01-27,120.98,127.58,130.54,137.34,134.59,131.19,129.92,130.02,130.59,130.59
2017-02-03,127.58,130.54,137.34,134.59,131.19,129.92,130.02,130.59,130.59,130.67
2017-02-10,130.54,137.34,134.59,131.19,129.92,130.02,130.59,130.59,130.67,130.89
2017-02-17,137.34,134.59,131.19,129.92,130.02,130.59,130.59,130.67,130.89,135.86
2017-02-24,134.59,131.19,129.92,130.02,130.59,130.59,130.67,130.89,135.86,138.65
2017-03-03,131.19,129.92,130.02,130.59,130.59,130.67,130.89,135.86,138.65,140.15
2017-03-10,129.92,130.02,130.59,130.59,130.67,130.89,135.86,138.65,140.15,137.87
2017-03-17,130.02,130.59,130.59,130.67,130.89,135.86,138.65,140.15,137.87,139.05
2017-03-24,130.59,130.59,130.67,130.89,135.86,138.65,140.15,137.87,139.05,136.59
2017-03-31,130.59,130.67,130.89,135.86,138.65,140.15,137.87,139.05,136.59,134.04
2017-04-07,130.67,130.89,135.86,138.65,140.15,137.87,139.05,136.59,134.04,131.33
2017-04-14,130.89,135.86,138.65,140.15,137.87,139.05,136.59,134.04,131.33,125.13
2017-04-21,135.86,138.65,140.15,137.87,139.05,136.59,134.04,131.33,125.13,119.56
2017-04-28,138.65,140.15,137.87,139.05,136.59,134.04,131.33,125.13,119.56,120.69
2017-05-05,140.15,137.87,139.05,136.59,134.04,131.33,125.13,119.56,120.69,120.13
2017-05-12,137.87,139.05,136.59,134.04,131.33,125.13,119.56,120.69,120.13,120.69
2017-05-19,139.05,136.59,134.04,131.33,125.13,119.56,120.69,120.13,120.69,124.10
2017-05-26,136.59,134.04,131.33,125.13,119.56,120.69,120.13,120.69,124.10,125.44
2017-06-02,134.04,131.33,125.13,119.56,120.69,120.13,120.69,124.10,125.44,124.20
2017-06-09,131.33,125.13,119.56,120.69,120.13,120.69,124.10,125.44,124.20,122.87
2017-06-16,125.13,119.56,120.69,120.13,120.69,124.10,125.44,124.20,122.87,124.86
2017-06-23,119.56,120.69,120.13,120.69,124.10,125.44,124.20,122.87,124.86,125.34
2017-06-30,120.69,120.13,120.69,124.10,125.44,124.20,122.87,124.86,125.34,129.03
2017-07-07,120.13,120.69,124.10,125.44,124.20,122.87,124.86,125.34,129.03,130.68
2017-07-14,120.69,124.10,125.44,124.20,122.87,124.86,125.34,129.03,130.68,134.51
2017-07-21,124.10,125.44,124.20,122.87,124.86,125.34,129.03,130.68,134.51,135.19
2017-07-28,125.44,124.20,122.87,124.86,125.34,129.03,130.68,134.51,135.19,135.39
2017-08-04,124.20,122.87,124.86,125.34,129.03,130.68,134.51,135.19,135.39,139.10
2017-08-11,122.87,124.86,125.34,129.03,130.68,134.51,135.19,135.39,139.10,147.12
2017-08-18,124.86,125.34,129.03,130.68,134.51,135.19,135.39,139.10,147.12,145.57
2017-08-25,125.34,129.03,130.68,134.51,135.19,135.39,139.10,147.12,145.57,148.44
2017-09-01,129.03,130.68,134.51,135.19,135.39,139.10,147.12,145.57,148.44,148.67
2017-09-08,130.68,134.51,135.19,135.39,139.10,147.12,145.57,148.44,148.67,153.91
2017-09-15,134.51,135.19,135.39,139.10,147.12,145.57,148.44,148.67,153.91,153.29
2017-09-22,135.19,135.39,139.10,147.12,145.57,148.44,148.67,153.91,153.29,150.33
2017-09-29,135.39,139.10,147.12,145.57,148.44,148.67,153.91,153.29,150.33,148.75
2017-10-06,139.10,147.12,145.57,148.44,148.67,153.91,153.29,150.33,148.75,148.88
2017-10-13,147.12,145.57,148.44,148.67,153.91,153.29,150.33,148.75,148.88,153.96
2017-10-20,145.57,148.44,148.67,153.91,153.29,150.33,148.75,148.88,153.96,154.20
2017-10-27,148.44,148.67,153.91,153.29,150.33,148.75,148.88,153.96,154.20,153.14
2017-11-03,148.67,153.91,153.29,150.33,148.75,148.88,153.96,154.20,153.14,152.21
2017-11-10,153.91,153.29,150.33,148.75,148.88,153.96,154.20,153.14,152.21,152.75
2017-11-17,153.29,150.33,148.75,148.88,153.96,154.20,153.14,152.21,152.75,153.47
2017-11-24,150.33,148.75,148.88,153.96,154.20,153.14,152.21,152.75,153.47,154.30
2017-12-01,148.75,148.88,153.96,154.20,153.14,152.21,152.75,153.47,154.30,158.44
2017-12-08,148.88,153.96,154.20,153.14,152.21,152.75,153.47,154.30,158.44,159.92
2017-12-15,153.96,154.20,153.14,152.21,152.75,153.47,154.30,158.44,159.92,160.03
2017-12-22,154.20,153.14,152.21,152.75,153.47,154.30,158.44,159.92,160.03,159.75
2017-12-29,153.14,152.21,152.75,153.47,154.30,158.44,159.92,160.03,159.75,157.28
2018-01-05,152.21,152.75,153.47,154.30,158.44,159.92,160.03,159.75,157.28,155.85
2018-01-12,152.75,153.47,154.30,158.44,159.92,160.03,159.75,157.28,155.85,152.57
2018-01-19,153.47,154.30,158.44,159.92,160.03,159.75,157.28,155.85,152.57,149.99
2018-01-26,154.30,158.44,159.92,160.03,159.75,157.28,155.85,152.57,149.99,150.96
2018-02-02,158.44,159.92,160.03,159.75,157.28,155.85,152.57,149.99,150.96,151.01
2018-02-09,159.92,160.03,159.75,157.28,155.85,152.57,149.99,150.96,151.01,152.03
2018-02-16,160.03,159.75,157.28,155.85,152.57,149.99,150.96,151.01,152.03,152.06
2018-02-23,159.75,157.28,155.85,152.57,149.99,150.96,151.01,152.03,152.06,152.56
2018-03-02,157.28,155.85,152.57,149.99,150.96,151.01,152.03,152.06,152.56,157.27
2018-03-09,155.85,152.57,149.99,150.96,151.01,152.03,152.06,152.56,157.27,155.45
2018-03-16,152.57,149.99,150.96,151.01,152.03,152.06,152.56,157.27,155.45,157.25
2018-03-23,149.99,150.96,151.01,152.03,152.06,152.56,157.27,155.45,157.25,154.68
2018-03-30,150.96,151.01,152.03,152.06,152.56,157.27,155.45,157.25,154.68,152.90
2018-04-06,151.01,152.03,152.06,152.56,157.27,155.45,157.25,154.68,152.90,154.22
2018-04-13,152.03,152.06,152.56,157.27,155.45,157.25,154.68,152.90,154.22,155.41
2018-04-20,152.06,152.56,157.27,155.45,157.25,154.68,152.90,154.22,155.41,157.61
2018-04-27,152.56,157.27,155.45,157.25,154.68,152.90,154.22,155.41,157.61,160.07
2018-05-04,157.27,155.45,157.25,154.68,152.90,154.22,155.41,157.61,160.07,162.92
2018-05-11,155.45,157.25,154.68,152.90,154.22,155.41,157.61,160.07,162.92,162.15
2018-05-18,157.25,154.68,152.90,154.22,155.41,157.61,160.07,162.92,162.15,163.02
2018-05-25,154.68,152.90,154.22,155.41,157.61,160.07,162.92,162.15,163.02,162.59
2018-06-01,152.90,154.22,155.41,157.61,160.07,162.92,162.15,163.02,162.59,164.16
2018-06-08,154.22,155.41,157.61,160.07,162.92,162.15,163.02,162.59,164.16,164.27
2018-06-15,155.41,157.61,160.07,162.92,162.15,163.02,162.59,164.16,164.27,164.25
2018-06-22,157.61,160.07,162.92,162.15,163.02,162.59,164.16,164.27,164.25,163.18
2018-06-29,160.07,162.92,162.15,163.02,162.59,164.16,164.27,164.25,163.18,161.79
2018-07-06,162.92,162.15,163.02,162.59,164.16,164.27,164.25,163.18,161.79,160.08
2018-07-13,162.15,163.02,162.59,164.16,164.27,164.25,163.18,161.79,160.08,160.52
2018-07-20,163.02,162.59,164.16,164.27,164.25,163.18,161.79,160.08,160.52,159.93
2018-07-27,162.59,164.16,164.27,164.25,163.18,161.79,160.08,160.52,159.93,160.46
2018-08-03,164.16,164.27,164.25,163.18,161.79,160.08,160.52,159.93,160.46,161.93
2018-08-10,164.27,164.25,163.18,161.79,160.08,160.52,159.93,160.46,161.93,163.15
2018-08-17,164.25,163.18,161.79,160.08,160.52,159.93,160.46,161.93,163.15,164.42
2018-08-24,163.18,161.79,160.08,160.52,159.93,160.46,161.93,163.15,164.42,166.10
2018-08-31,161.79,160.08,160.52,159.93,160.46,161.93,163.15,164.42,166.10,165.22
2018-09-07,160.08,160.52,159.93,160.46,161.93,163.15,164.42,166.10,165.22,165.55
2018-09-14,160.52,159.93,160.46,161.93,163.15,164.42,166.10,165.22,165.55,164.92
2018-09-21,159.93,160.46,161.93,163.15,164.42,166.10,165.22,165.55,164.92,164.08
2018-09-28,160.46,161.93,163.15,164.42,166.10,165.22,165.55,164.92,164.08,161.74
2018-10-05,161.93,163.15,164.42,166.10,165.22,165.55,164.92,164.08,161.74,161.31
2018-10-12,163.15,164.42,166.10,165.22,165.55,164.92,164.08,161.74,161.31,160.92
2018-10-19,164.42,166.10,165.22,165.55,164.92,164.08,161.74,161.31,160.92,160.63
2018-10-26,166.10,165.22,165.55,164.92,164.08,161.74,161.31,160.92,160.63,160.31
2018-11-02,165.22,165.55,164.92,164.08,161.74,161.31,160.92,160.63,160.31,158.80
2018-11-09,165.55,164.92,164.08,161.74,161.31,160.92,160.63,160.31,158.80,156.71
2018-11-16,164.92,164.08,161.74,161.31,160.92,160.63,160.31,158.80,156.71,153.06
2018-11-23,164.08,161.74,161.31,160.92,160.63,160.31,158.80,156.71,153.06,144.96
2018-11-30,161.74,161.31,160.92,160.63,160.31,158.80,156.71,153.06,144.96,138.32
2018-12-07,161.31,160.92,160.63,160.31,158.80,156.71,153.06,144.96,138.32,141.58
2018-12-14,160.92,160.63,160.31,158.80,156.71,153.06,144.96,138.32,141.58,141.03
2018-12-21,160.63,160.31,158.80,156.71,153.06,144.96,138.32,141.58,141.03,141.99
2018-12-28,160.31,158.80,156.71,153.06,144.96,138.32,141.58,141.03,141.99,141.40
2019-01-04,158.80,156.71,153.06,144.96,138.32,141.58,141.03,141.99,141.40,140.95
2019-01-11,156.71,153.06,144.96,138.32,141.58,141.03,141.99,141.40,140.95,141.79
2019-01-18,153.06,144.96,138.32,141.58,141.03,141.99,141.40,140.95,141.79,142.01
2019-01-25,144.96,138.32,141.58,141.03,141.99,141.40,140.95,141.79,142.01,143.51
2019-02-01,138.32,141.58,141.03,141.99,141.40,140.95,141.79,142.01,143.51,144.09
2019-02-08,141.58,141.03,141.99,141.40,140.95,141.79,142.01,143.51,144.09,144.09
2019-02-15,141.03,141.99,141.40,140.95,141.79,142.01,143.51,144.09,144.09,145.55
2019-02-22,141.99,141.40,140.95,141.79,142.01,143.51,144.09,144.09,145.55,145.76
2019-03-01,141.40,140.95,141.79,142.01,143.51,144.09,144.09,145.55,145.76,146.52
2019-03-08,140.95,141.79,142.01,143.51,144.09,144.09,145.55,145.76,146.52,147.25
2019-03-15,141.79,142.01,143.51,144.09,144.09,145.55,145.76,146.52,147.25,147.24
2019-03-22,142.01,143.51,144.09,144.09,145.55,145.76,146.52,147.25,147.24,148.68
2019-03-29,143.51,144.09,144.09,145.55,145.76,146.52,147.25,147.24,148.68,148.39
2019-04-05,144.09,144.09,145.55,145.76,146.52,147.25,147.24,148.68,148.39,148.39
2019-04-12,144.09,145.55,145.76,146.52,147.25,147.24,148.68,148.39,148.39,151.34
2019-04-19,145.55,145.76,146.52,147.25,147.24,148.68,148.39,148.39,151.34,151.50
2019-04-26,145.76,146.52,147.25,147.24,148.68,148.39,148.39,151.34,151.50,151.53
2019-05-03,146.52,147.25,147.24,148.68,148.39,148.39,151.34,151.50,151.53,151.79
2019-05-10,147.25,147.24,148.68,148.39,148.39,151.34,151.50,151.53,151.79,151.29
2019-05-17,147.24,148.68,148.39,148.39,151.34,151.50,151.53,151.79,151.29,150.13
2019-05-24,148.68,148.39,148.39,151.34,151.50,151.53,151.79,151.29,150.13,149.91
2019-05-31,148.39,148.39,151.34,151.50,151.53,151.79,151.29,150.13,149.91,148.36
2019-06-07,148.39,151.34,151.50,151.53,151.79,151.29,150.13,149.91,148.36,148.36
2019-06-14,151.34,151.50,151.53,151.79,151.29,150.13,149.91,148.36,148.36,145.16
2019-06-21,151.50,151.53,151.79,151.29,150.13,149.91,148.36,148.36,145.16,143.98
2019-06-28,151.53,151.79,151.29,150.13,149.91,148.36,148.36,145.16,143.98,144.67
2019-07-05,151.79,151.29,150.13,149.91,148.36,148.36,145.16,143.98,144.67,145.19
2019-07-12,151.29,150.13,149.91,148.36,148.36,145.16,143.98,144.67,145.19,144.31
2019-07-19,150.13,149.91,148.36,148.36,145.16,143.98,144.67,145.19,144.31,144.29
2019-07-26,149.91,148.36,148.36,145.16,143.98,144.67,145.19,144.31,144.29,144.43
2019-08-02,148.36,148.36,145.16,143.98,144.67,145.19,144.31,144.29,144.43,143.44
2019-08-09,148.36,145.16,143.98,144.67,145.19,144.31,144.29,144.43,143.44,141.44
2019-08-16,145.16,143.98,144.67,145.19,144.31,144.29,144.43,143.44,141.44,140.77
2019-08-23,143.98,144.67,145.19,144.31,144.29,144.43,143.44,141.44,140.77,139.72
2019-08-30,144.67,145.19,144.31,144.29,144.43,143.44,141.44,140.77,139.72,138.01
2019-09-06,145.19,144.31,144.29,144.43,143.44,141.44,140.77,139.72,138.01,139.02
2019-09-13,144.31,144.29,144.43,143.44,141.44,140.77,139.72,138.01,139.02,139.02
2019-09-20,144.29,144.43,143.44,141.44,140.77,139.72,138.01,139.02,139.02,138.25
2019-09-27,144.43,143.44,141.44,140.77,139.72,138.01,139.02,139.02,138.25,138.25
2019-10-04,143.44,141.44,140.77,139.72,138.01,139.02,139.02,138.25,138.25,138.28
2019-10-11,141.44,140.77,139.72,138.01,139.02,139.02,138.25,138.25,138.28,138.03
2019-10-18,140.77,139.72,138.01,139.02,139.02,138.25,138.25,138.28,138.03,136.84
2019-10-25,139.72,138.01,139.02,139.02,138.25,138.25,138.28,138.03,136.84,136.16
2019-11-01,138.01,139.02,139.02,138.25,138.25,138.28,138.03,136.84,136.16,135.65
2019-11-08,139.02,139.02,138.25,138.25,138.28,138.03,136.84,136.16,135.65,135.52
2019-11-15,139.02,138.25,138.25,138.28,138.03,136.84,136.16,135.65,135.52,135.82
2019-11-22,138.25,138.25,138.28,138.03,136.84,136.16,135.65,135.52,135.82,137.55
2019-11-29,138.25,138.28,138.03,136.84,136.16,135.65,135.52,135.82,137.55,138.28
2019-12-06,138.28,138.03,136.84,136.16,135.65,135.52,135.82,137.55,138.28,138.59
2019-12-13,138.03,136.84,136.16,135.65,135.52,135.82,137.55,138.28,138.59,139.65
2019-12-20,136.84,136.16,135.65,135.52,135.82,137.55,138.28,138.59,139.65,139.71
2019-12-27,136.16,135.65,135.52,135.82,137.55,138.28,138.59,139.65,139.71,140.04
2020-01-03,135.65,135.52,135.82,137.55,138.28,138.59,139.65,139.71,140.04,140.26
2020-01-10,135.52,135.82,137.55,138.28,138.59,139.65,139.71,140.04,140.26,140.20
2020-01-17,135.82,137.55,138.28,138.59,139.65,139.71,140.04,140.26,140.20,140.19
2020-01-24,137.55,138.28,138.59,139.65,139.71,140.04,140.26,140.20,140.19,140.19
2020-01-31,138.28,138.59,139.65,139.71,140.04,140.26,140.20,140.19,140.19,140.19
2020-02-07,138.59,139.65,139.71,140.04,140.26,140.20,140.19,140.19,140.19,136.23
2020-02-14,139.65,139.71,140.04,140.26,140.20,140.19,140.19,140.19,136.23,133.10
2020-02-21,139.71,140.04,140.26,140.20,140.19,140.19,140.19,136.23,133.10,132.34
2020-02-28,140.04,140.26,140.20,140.19,140.19,140.19,136.23,133.10,132.34,133.23
2020-03-06,140.26,140.20,140.19,140.19,140.19,136.23,133.10,132.34,133.23,133.18
2020-03-13,140.20,140.19,140.19,140.19,136.23,133.10,132.34,133.23,133.18,133.06
2020-03-20,140.19,140.19,140.19,136.23,133.10,132.34,133.23,133.18,133.06,134.45
2020-03-27,140.19,140.19,136.23,133.10,132.34,133.23,133.18,133.06,134.45,133.88
