,epu,epu-s,tpu,spi,spi-1,spi-2,spi-3,spi-4,spi-5,iron,r-steel,steel,auto,truck
2000-01-01,59.0,44,38.2,88,82,88,80,92,92,32.55,32.37,30.77,14.14,1403.42 
2000-02-01,15.9,9,14.7,88,82.25,88,82,95,94,34.9,33.57,31.31,11.93,1403.42 
2000-03-01,46.5,44,8.9,105.4,83.8,89.2,85.6,95.4,96.6,34.49,32.56,34.4,20.89,1403.42 
2000-04-01,28.3,35,8.9,103,105.25,108.5,96,97,99,35.44,33.98,36.61,21.89,1403.42 
2000-05-01,31.4,71,0.0,101,107.25,110.25,101,99,101,35.48,34.5,37.4,19.98,1403.42 
2000-06-01,43.2,37,18.0,100,100.8,103.4,102.4,100.4,100.4,37.05,34.83,36.81,19.05,1403.42 
2000-07-01,42.7,19,37.8,100,99.75,100.25,99.5,99.5,100.5,35.19,34.29,35.15,16.13,1403.42 
2000-08-01,27.4,27,17.7,100,100,100,100.75,101,100,35.45,34.16,36.06,17.28,1403.42 
2000-09-01,31.5,58,51.1,100,99.4,99.8,102,101.8,99,36.02,34.75,36.84,20.25,1403.42 
2000-10-01,42.3,71,58.6,100,99,98.5,103,102.25,97.5,36.49,34.9,36.87,17.8,1403.42 
2000-11-01,10.1,140,0.0,98.5,97,96.75,103.25,101.75,95.5,37.84,36.86,38.95,19.33,1403.42 
2000-12-01,48.5,113,40.4,97.2,95.6,94.4,102.2,100,94,37.15,37.41,38.4,19.82,1403.42 
2001-01-01,52.6,97,41.8,94.25,94,92.75,99.5,98.5,92.25,35.48,35.82,35.22,14.63,2133.83 
2001-02-01,40.7,65,21.6,95.25,96.75,95,99.5,96.75,90.5,37.77,36.7,40.4,18.73,2133.83 
2001-03-01,58.2,115,113.1,96.2,99.2,98.6,99.8,96,88.6,37.69,36.7,42.16,26.55,2133.83 
2001-04-01,26.1,107,37.1,96,100,99,99.75,94.75,88,38.58,36.8,43.59,24.93,2133.83 
2001-05-01,27.7,96,9.9,95.5,98.5,98.25,98.75,94,86.75,39.11,36.95,42.81,20.84,2133.83 
2001-06-01,41.3,54,46.8,93.6,96.4,95.2,98,93.4,85.4,41.16,38.96,45.64,20.82,2133.83 
2001-07-01,30.3,118,54.9,92,94.75,93.25,97,91.5,84.5,40.56,38.5,42.02,16.78,2133.83 
2001-08-01,38.8,131,35.0,90.2,93,91.8,96,89.6,81.8,39.71,38.35,42.87,18.78,2133.83 
2001-09-01,43.5,203,49.1,88.25,91.75,90,93.75,87.75,77.5,40.35,39.65,43.88,23.92,2133.83 
2001-10-01,51.1,297,89.2,86.5,90.5,88,92,85.5,74.5,40.03,40.86,43.65,20.34,2133.83 
2001-11-01,53.3,129,134.7,83.8,88,86.4,87.8,82.8,71,41.59,42.91,46.12,21.12,2133.83 
2001-12-01,60.7,137,160.3,81.5,84.75,85.5,84,81.75,69,41.4,46.29,45.32,20.25,2133.83 
2002-01-01,62.4,160,94.2,81.75,84.75,86.75,82.25,81,68,41.7,44.12,44.97,20.96,2748.08 
2002-02-01,40.9,164,73.6,83.25,86.5,88.5,83,81.5,69.25,45.08,46.75,47.37,17.9,2748.08 
2002-03-01,54.1,140,160.8,86.4,89.2,91,87,85.2,74,44.2,47.01,51.73,30.36,2748.08 
2002-04-01,45.9,117,34.2,88.5,88,90,91.5,91.25,82.5,45.51,47.74,53.23,34.49,2748.08 
2002-05-01,47.0,34,112.5,93.2,89.2,92,100.6,98.4,93.2,45.92,48.78,53.12,33.56,2748.08 
2002-06-01,30.4,117,55.8,93.75,88.75,93.75,101.5,99,93.75,47.15,49.53,54.8,27.55,2748.08 
2002-07-01,54.3,88,130.1,92.25,88,92.25,99.5,98.25,91.75,45.81,49,50.49,24.73,2748.08 
2002-08-01,44.1,141,39.1,92.8,87,92,101,100.2,93.4,46.42,49.66,53.2,25.6,2748.08 
2002-09-01,55.5,189,96.0,94.5,87.75,92.25,105,105.25,97,47.42,50.74,54.58,32.54,2748.08 
2002-10-01,56.7,148,129.2,96.25,88.75,93.5,106.75,107.5,98.5,47.24,50.53,53.32,31.86,2748.08 
2002-11-01,59.9,110,37.8,99.4,93.8,97.8,108.6,107.2,99.6,48.43,53.24,54.25,32.5,2748.08 
2002-12-01,91.0,85,143.1,104.25,100,102.75,113.75,112.75,104.5,49.88,53.63,56.88,32.78,2748.08 
2003-01-01,46.2,142,46.3,110,102.4,104,123.6,121,112.6,45.79,50.4,53.1,32.51,3393.67 
2003-02-01,28.0,89,18.7,115,106.75,109.5,131.75,124,115.75,52.27,55.48,56.51,29.52,3393.67 
2003-03-01,71.2,185,80.4,114.75,107.25,110.25,133.75,118.75,112.75,51.36,54.92,58.89,42.19,3393.67 
2003-04-01,101.6,124,92.7,110.75,106.5,109.75,130.75,106.25,104.25,53.08,57.81,61.53,39.97,3393.67 
2003-05-01,68.8,102,65.1,109.8,108.4,110.6,129.2,102.2,97.4,54.68,59.51,63.72,32.43,3393.67 
2003-06-01,55.0,87,7.0,113.75,117.25,118.5,132.5,105.25,94.5,55.44,61.39,65.71,35.01,3393.67 
2003-07-01,85.3,92,39.0,124.25,130,133.25,141,114.5,100.5,54.94,59.24,63.88,34.14,3393.67 
2003-08-01,61.1,89,47.5,122,123.6,128.2,141.2,114.4,102.2,56.32,61.12,65.18,36.76,3393.67 
2003-09-01,49.7,128,29.3,119,118.25,122.25,137.5,117.5,104,57.79,63.91,68.01,42.76,3393.67 
2003-10-01,62.9,107,76.2,123,123.4,127,138.8,124,107.2,58.16,63.92,69.24,37.19,3393.67 
2003-11-01,38.9,37,41.0,131.25,135.25,140,145,131.75,109.5,59.22,68.31,70.96,41.96,3393.67 
2003-12-01,53.1,97,49.1,141.25,150.5,157,150,137.75,111.25,60.92,65.03,70.18,41.72,3393.67 
2004-01-01,55.9,101,44.5,147.2,156.2,164.2,157.4,146.6,115.8,57.47,62.55,68.33,29.87,4282.75 
2004-02-01,57.6,47,53.3,155.25,161.75,169.75,169.5,159,125.75,62.17,68.01,78.02,43.69,4282.75 
2004-03-01,47.9,85,44.6,156.25,158.25,166.75,177.5,162.25,127.5,66.83,70.48,77.1,58.97,4282.75 
2004-04-01,58.9,43,50.4,149,141,150.2,179,163.4,129.2,64.35,69.58,76.72,54.41,4282.75 
2004-05-01,37.1,138,37.5,130,115.75,123.5,165.5,141.75,120,62.2,67.91,73.59,44.27,4282.75 
2004-06-01,51.1,59,58.6,132.75,127.75,136.75,153.5,138.75,119,63.73,69.33,78.58,42.79,4282.75 
2004-07-01,47.4,50,13.3,140.4,135.4,149.2,159.4,149.4,125.2,67.33,70.93,78.45,36.41,4282.75 
2004-08-01,44.3,88,0.0,148,141.5,156.5,169.75,160.5,131,69.83,75.34,82.01,38.62,4282.75 
2004-09-01,34.6,92,54.7,148.25,140.5,153.75,170.75,163.25,135.5,72.1,79.19,88.04,44.54,4282.75 
2004-10-01,61.9,108,58.8,147.8,139.8,150.2,169.4,163.8,139,74.27,80.44,86.31,38.87,4282.75 
2004-11-01,48.7,94,41.9,147.75,140.75,146.5,167.25,165.75,143.25,78.22,83.45,92.97,44.49,4282.75 
2004-12-01,73.2,97,54.4,148.4,138.8,142.8,169.2,173.2,150.4,80.87,85.59,89.16,41.71,4282.75 
2005-01-01,48.8,76,39.6,154.25,143.25,148.25,173.5,179,161.5,75.59,80.95,84.23,42.31,6311.17 
2005-02-01,39.7,33,42.1,156.25,143.5,150,176.25,180.75,165.25,81.43,88.59,90.6,36.24,6311.17 
2005-03-01,41.2,99,52.9,163.5,151,158,182.25,189.75,172.5,83.76,88.85,98.89,60.13,6311.17 
2005-04-01,79.5,50,35.7,158.2,142.6,151.6,180.6,186.8,166.6,90.65,93.62,98.44,60.57,6311.17 
2005-05-01,23.7,105,0.0,151.5,135.25,143.25,175,177.25,159,89.36,95.9,100.34,48.52,6311.17 
2005-06-01,46.8,43,16.1,137.75,123.25,132.5,164.25,147.75,142.75,90.67,95.16,101.22,52.82,6311.17 
2005-07-01,61.6,36,59.6,133.8,130,136,149.8,133,132.6,89.14,94.33,101.17,47.45,6311.17 
2005-08-01,59.4,93,18.6,134.25,133.75,137.75,143.75,137,133,90.61,98.25,105.47,46.13,6311.17 
2005-09-01,70.0,68,50.7,127.6,128,133,130.6,133.8,128.4,93.46,101.19,107.51,52.89,6311.17 
2005-10-01,52.5,33,123.2,117,120.75,127,112.75,120.25,115.75,95.86,102.17,106.79,45.76,6311.17 
2005-11-01,35.5,87,43.2,113.25,120,125.75,112.5,113,102.75,97.38,101.59,110.19,56.66,6311.17 
2005-12-01,64.1,57,65.8,110.2,119.8,125.4,110.6,106.6,91.4,97.82,103.36,108.8,60.31,6311.17 
2006-01-01,97.8,84,59.1,109.25,116.5,121.5,108.25,109.75,97.5,93.26,97.31,104.73,54.89,9722.42 
2006-02-01,63.5,65,44.1,112,117.25,121.75,111.25,118,105.25,101.19,105.22,113.65,57.71,9722.42 
2006-03-01,55.1,84,77.8,121.4,120.6,124.4,126.8,135.6,119.8,104.96,106.09,122.59,79.17,9722.42 
2006-04-01,59.4,134,30.6,126,124.5,129.5,136.5,141.75,119.25,108.17,112.37,127.7,72.27,9722.42 
2006-05-01,37.9,66,0.0,130,127.25,136.25,141.75,145.25,119.25,113.95,115.92,129.78,61.92,9722.42 
2006-06-01,47.0,111,8.1,140.2,131.8,143.4,160.4,161.8,126,116.84,122.06,137.33,61.28,9722.42 
2006-07-01,55.9,43,56.7,125.5,119.5,128.75,137.75,143.75,116.5,111.96,116.42,124.71,53.09,9722.42 
2006-08-01,59.3,36,50.6,123.5,120.25,129.5,132.25,139.5,110.5,112.2,118.39,125.69,53.41,9722.42 
2006-09-01,24.9,72,8.7,125.8,123.2,131.8,136,141.6,110.4,116.58,120.54,133.59,66.3,9722.42 
2006-10-01,70.8,74,23.6,125.25,122.5,129.75,136.75,142.25,112,116.61,121.56,134.17,61.79,9722.42 
2006-11-01,59.0,44,8.9,123.75,122.5,128.5,134,136,109.25,118.48,126.52,139.16,69.19,9722.42 
2006-12-01,64.1,68,8.1,124.4,122.8,128,135.2,136.4,111.2,118.16,122.84,141.66,68.71,9722.42 
2007-01-01,29.0,80,0.0,129.5,128,130.5,144.75,145.5,116.5,116.23,122.97,130.45,78.72,8742.00 
2007-02-01,39.8,65,26.0,132.75,132,133,148.75,151.25,117.75,121.55,129.05,137.74,59.65,6649.00 
2007-03-01,60.2,70,0.0,133.66,132.48,134.04,151.16,151.52,118.06,122.8,129.54,151.47,88.96,12372.00 
2007-04-01,41.1,68,0.0,135.425,134.85,138.625,152.075,151.875,117.45,126.15,134.39,154.23,83.98,13011.00 
2007-05-01,37.0,48,0.0,142.55,143.225,152.975,157.625,154.85,117.875,127.56,133.24,153.24,74.35,11677.00 
2007-06-01,44.4,77,0.0,137.84,137.82,146.32,155.24,148.08,114.22,133.45,140.4,163.97,75.92,11800.00 
2007-07-01,58.8,137,8.4,138.25,140.825,147.05,157.675,140.7,111.125,127.98,133.07,153.95,67.88,13980.00 
2007-08-01,50.1,57,0.0,145.86,151.38,155.04,165.94,147.02,113.66,131.62,134.14,155.72,66.14,12083.00 
2007-09-01,59.0,91,36.9,153.075,159.875,161.05,173.85,155.325,120.3,131.71,142.37,161.98,78.3,13132.00 
2007-10-01,55.1,93,13.5,153.025,160.5,161.025,173.025,153.95,119.95,131.75,138.46,158.32,75.17,11381.00 
2007-11-01,46.7,108,26.0,159.38,170.74,171.62,174.5,158.24,120.16,133.02,132.3,158.92,86.52,14945.00 
2007-12-01,84.1,94,17.9,171.075,183.1,186.7,185.625,170.075,128.925,131.05,133.27,160.66,84.87,22643.00 
2008-01-01,82.0,143,25.6,170.225,178.7,182.975,188.275,174.225,132.7,122.87,130.85,148.11,84.3,12634.00 
2008-02-01,54.4,158,38.7,177.58,185.44,189.52,199.1,180.3,140.52,129.45,134.08,148.73,67.21,10098.00 
2008-03-01,135.9,174,110.8,193.275,199.175,208.825,219.75,192.9,151.875,133.97,144.74,168.92,106.57,18049.00 
2008-04-01,91.6,146,29.7,199.05,206.9,216,226.1,195.65,153.125,137.56,148.92,172.04,100.41,20141.00 
2008-05-01,67.6,101,35.4,214.22,222.68,240.4,238.28,205.28,161.02,138.83,148.43,172.19,89.49,16165.00 
2008-06-01,62.9,157,50.4,217.55,220.825,244.8,243.425,211.65,169.025,144.64,156.48,179.58,86.42,16545.00 
2008-07-01,126.0,152,159.9,215.25,218.65,240.325,240.225,214.25,167.525,135.4,144.79,164.55,75.72,15256.00 
2008-08-01,128.4,206,91.8,202.96,209.42,219.14,227.88,206.18,157.02,129.18,137.32,154.19,62.58,14754.00 
2008-09-01,103.9,298,121.5,186.85,196.675,200.375,206.575,185.25,144.5,125.17,132.05,153.07,79.18,13882.00 
2008-10-01,150.5,188,126.9,146.22,155.52,156.48,161.36,139.36,113.06,110.1,115.81,138.48,73.03,11971.00 
2008-11-01,126.1,194,109.6,129.975,143.3,145.15,133.475,121.825,96.4,111.72,117.3,141,71.35,10073.00 
2008-12-01,125.1,233,56.3,133.95,146.5,149.05,135.4,131.075,102.075,116.87,121.91,157.47,68.57,8551.00 
2009-01-01,133.9,224,50.7,139.64,150.64,155.12,140.98,143.64,108.24,124.8,132.88,142.63,67.37,6723.00 
2009-02-01,102.9,171,83.3,137.175,149.3,151.775,139.775,136.925,104.9,141.31,144.37,164.76,85.28,8585.00 
2009-03-01,116.1,184,120.3,124.3,134.275,135.475,128,125.075,99.025,139.41,145.49,171.24,116.9,11226.00 
2009-04-01,81.1,153,56.6,122.325,133.45,135.05,124.075,118.575,96.6,138.77,144.71,176.38,118.12,10361.00 
2009-05-01,57.3,91,12.2,127.58,140.36,143.08,125.52,123.64,99.62,146.54,149.87,184.81,114.76,10100.00 
2009-06-01,179.8,132,95.1,134.45,147.625,151.5,130.325,130.4,106.85,158.43,164.75,205.41,120.43,12418.00 
2009-07-01,134.8,104,39.8,145.3,160.52,164.28,138.58,139.64,116.38,156.47,163.47,196.47,113.69,11470.00 
2009-08-01,121.9,92,97.2,150.175,164.775,166.775,146.55,144.05,122.925,159.07,168.8,199.95,116.65,13144.00 
2009-09-01,190.3,161,207.7,133.825,144.175,145.5,132.95,130.9,116.025,159.73,169.04,203.87,137.34,14447.00 
2009-10-01,121.3,76,91.9,130.94,141.76,142.7,129.36,126.84,113.16,158.96,166.93,201.45,131.09,12514.00 
2009-11-01,123.1,69,261.8,135.575,146.625,148.5,135.475,133.3,118.85,149.37,157.54,209.84,144.19,13654.00 
2009-12-01,103.6,75,46.7,138.725,148.525,153.625,139.975,136.95,125.775,144.27,153.76,208.51,153.75,14266.00 
2010-01-01,119.2,96,132.2,145.22,153.24,161,146.1,140.64,132.06,160.44,169.48,199.23,162.4891,14261.00 
2010-02-01,106.0,103,41.3,144,151.125,158.8,145.25,139.45,131.05,169.65,179.85,198.54,122.6,10532.00 
2010-03-01,143.9,90,260.8,153.375,160.6,168.925,157.375,150.1,138.3,168.25,177.32,220.14,174.8,22774.00 
2010-04-01,95.0,47,122.4,167.1,177.84,186.12,174.52,163.6,142.76,172.08,184.68,230.36,159.8,22543.00 
2010-05-01,106.9,157,79.8,160.4,168.2,174.55,170.65,159.25,139.825,168.59,181.11,229.74,145.8,21050.00 
2010-06-01,138.5,130,138.1,152.525,159.05,166.8,161.075,152.825,131.775,165.89,179.22,238.12,142.6,20052.00 
2010-07-01,127.5,71,35.2,146.76,155.32,162.9,153.64,146.66,121.64,153.48,166.91,218.3,134.2,20144.00 
2010-08-01,95.2,104,27.6,153.775,163.975,173.05,161.45,152.325,123.675,157.55,166.57,224.78,133.1,20650.00 
2010-09-01,82.1,122,138.0,158.375,171.3,180.375,164.325,155.7,124.6,152.34,159.82,218.09,163.4,21039.00 
2010-10-01,97.9,74,64.6,157.26,170.08,178.84,162.9,154.3,124.1,151.03,162.27,210.62,159.3,19550.00 
2010-11-01,93.3,82,118.7,162.525,180.45,189.475,165.1,155.825,124.475,156.41,167.24,219.64,182.1,21285.00 
2010-12-01,125.8,111,85.8,166.9,186.14,195.14,170.58,160.06,125.9,150.48,166.21,218.85,195.4,18529.00 
2011-01-01,155.0,173,144.0,171.8,190.2,196.75,178.875,168.7,128.95,168.27,193.13,217.2,183.5036,21615.00 
2011-02-01,59.0,46,15.1,175.975,195.275,200.1,183.9,173.75,131.275,180.4,193.95,226.91,129.4,19463.00 
2011-03-01,120.8,131,68.7,171.05,188.675,192.225,178.5,169.45,129.975,176.6,191.67,245.23,192.3,34033.00 
2011-04-01,135.2,153,150.5,174.56,193.48,196.96,182.44,173.52,129.7,183.22,196.77,243.84,156.5,29274.00 
2011-05-01,74.1,26,11.8,177.5,199.425,202.075,184.225,174.575,129.2,176.04,194.34,246.36,142.6,29222.00 
2011-06-01,102.7,40,76.1,176.5,199.525,201.875,182.375,171.825,127.225,182.95,199.77,262.42,148.5,28328.00 
2011-07-01,99.8,207,0.0,175.026,197.5,201.478,179.004,170.35,125.526,177.62,191.29,244.25,131.8,26916.00 
2011-08-01,140.3,187,23.6,177.32,199.95,207.6625,180.37,171.79,126.9675,174.02,189.52,248.39,145,28011.00 
2011-09-01,142.5,158,140.2,174.432,194.598,204.174,178.372,169.104,128.012,173.61,189,254.52,166.4,27162.00 
2011-10-01,157.7,239,195.0,163.07,178.96,189.7175,167.32,156.3225,124.95,164.53,176.36,235.71,160.5,23283.00 
2011-11-01,161.9,364,236.6,157.62,175.305,185.2875,158.9475,150.525,121.8275,152.97,166.28,233.67,179.3,25091.00 
2011-12-01,159.6,324,97.6,155.964,174.038,183.264,156.77,150.474,119.868,154.87,168.27,229.25,182.4,21449.00 
2012-01-01,120.4,299,61.1,153.3425,170.2,177.3475,155.5275,149.855,118.8575,175.05,183.01,219.44,138.9205,17027.00 
2012-02-01,139.2,236,63.1,152.3,168.4575,173.7575,156.9625,150.5175,118.395,184.19,192.7,245.76,173.1255,26025.00 
2012-03-01,136.8,243,119.8,155.216,172.662,177.206,161.656,153.766,118.514,185.52,198.65,268.8,202.4,32787.00 
2012-04-01,126.3,156,105.7,156.4875,173.88,178.61,163.4475,155.3475,118.29,189.25,201.92,270.23,175.8,26168.00 
2012-05-01,133.2,216,52.8,152.2475,168.04,172.8,157.9275,151.495,116.555,184.97,197.53,263.45,171.5,26180.00 
2012-06-01,139.0,305,174.3,148.678,164.624,168.85,152.276,147.998,113.168,185.72,200.71,281.58,169.5,24460.00 
2012-07-01,120.4,302,79.2,141.89,156.265,160.7575,144.3375,139.245,108.8475,181.68,199.01,262.01,148.9,23658.00 
2012-08-01,78.8,215,61.6,132.152,146.466,150.992,132.238,127.3,103.928,173.37,189.36,254.21,158.3,23687.00 
2012-09-01,120.5,162,187.2,129.23,144.8525,148.095,129.3725,123.7725,101.05,176.32,193.15,268.12,180.4,24174.00 
2012-10-01,113.1,301,74.7,135.515,152.5625,155.2575,134.115,131.71,103.9225,174.14,190.63,263.9,167.7,21408.00 
2012-11-01,122.3,306,184.3,136.122,150.494,151.936,137.404,137.194,105.27,171.36,191.57,270.77,184.9,23546.00 
2012-12-01,142.1,193,90.1,134.6525,145.9175,148.06,138.515,138.9525,106.475,164.17,185.99,262.5,191.7,19542.00 
2013-01-01,130.2,209,115.4,138.85,149.995,152.365,144.37,144.26,109.505,189.48,205.23,263.22,205.5,22681.00 
2013-02-01,84.3,162,29.7,141.7,153.4925,155.7875,148.245,147.3475,112.2475,203.76,220.82,273.81,144.5,17112.00 
2013-03-01,90.5,84,51.5,138.982,149.926,152.512,145.318,140.6,111.678,198.78,213.86,289.08,229,36788.00 
2013-04-01,119.7,148,65.2,135.97,146.1475,149.4325,141.5175,135.16,109.69,202.17,218.83,292.02,203.2,30970.00 
2013-05-01,71.5,83,33.5,131.214,141.962,143.968,136.226,127.84,106.776,197.2,216.24,294.17,192.6895,30384.00 
2013-06-01,102.7,40,122.0,126.7325,135.38,137.8975,131.385,123.855,103.25,194.46,215.55,302.77,185.112,27431.00 
2013-07-01,76.2,115,7.4,129.71,139.26,141.6075,133.07,127.82,102.6525,193.62,211.2,292.73,170.7946,27957.00 
2013-08-01,100.9,140,37.9,132.388,142.776,145.958,134.964,129.948,103.672,193.29,213.8,296.56,179.5011,28140.00 
2013-09-01,100.9,70,85.3,131.055,140.84,144.8575,132.2925,128.4125,104.2275,196.8,218.08,311.84,207.1361,27731.00 
2013-10-01,153.1,98,88.5,129.1225,139.0425,142.73,129.35,126.24,103.3875,189.53,209.94,299.37,208.3368,25545.00 
2013-11-01,120.6,81,83.2,128.946,141.034,143.15,127.824,124.49,102.276,176.33,202.93,301.07,228.3711,26507.00 
2013-12-01,124.2,137,57.4,128.8775,140.9675,142.58,129.54,124.16,101.1425,176.53,201.14,291.65,229.9736,27518.00 
2014-01-01,103.5,103,39.0,126.516,136.104,138.598,128.998,123.402,100.558,197.84,221.7,280.9,0,22734.00 
2014-02-01,70.6,67,24.0,124.73,133.2625,136.0725,128.435,122.065,100.14,197.84,221.7,280.9,0,24744.00 
2014-03-01,100.0,135,99.9,122.6025,130.5575,134.05,127.27,119.465,98.515,198.53,226.6,306.66,236.3,39744.00 
2014-04-01,129.5,84,67.9,124.7925,133.17,137.235,129.0125,122.6525,97.65,200.58,229.46,308.33,220.5548,35830.00 
2014-05-01,77.4,81,15.7,123.05,129.884,135.172,128.092,122,96.908,198.45,227.2,312.33,212.3403,32196.00 
2014-06-01,105.8,102,31.9,120.8225,126.3675,131.765,126.2225,121.4575,95.7625,200.03,230.98,326.81,203.3922,30576.00 
2014-07-01,94.6,127,45.0,119.72,125.435,130.38,124.175,120.445,95.0325,192.73,220.4,305.69,185.4787,30416.00 
2014-08-01,77.6,151,19.7,117.894,123.61,127.756,121.622,119.09,94.408,194.6,222.29,306.37,184.5352,30754.00 
2014-09-01,107.9,186,66.0,111.685,116.41,119.175,116.12,111.775,93.3875,196.3,225.14,319.17,214.9914,30377.00 
2014-10-01,99.8,240,47.9,110.438,116.306,119.62,112.408,109.12,92.276,183.9,217.81,307.26,219.3,27773.00 
2014-11-01,120.1,113,108.4,110.4225,117.29,120.8825,110.7275,108.6275,91.2175,177.43,211,306.83,232.7,27917.00 
2014-12-01,58.9,94,18.7,107.97,112.1725,115.805,109.95,109.4825,89.9675,183.4,219.65,316.84,225.3,26561.00 
2015-01-01,98.0,232,22.8,100.88,104.83,108.808,101.662,102.16,87.286,201.18,221.24,284.86,0,26145.00 
2015-02-01,95.1,118,30.4,94.65,98.5825,102.345,95.4875,93.905,83.4975,201.18,221.24,284.86,176.6,16529.00 
2015-03-01,116.3,82,44.1,94.165,99.5725,102.6,94.9325,91.775,80.7225,194.35,224.13,314.71,245.1,38617.00 
2015-04-01,63.9,105,12.0,93.08,98.5025,102.4175,93.77,89.8775,77.305,198.3,229.7,321.37,209.6,33849.00 
2015-05-01,68.3,128,8.0,90.846,95.209,99.319,91.288,89.123,74.089,196.65,225.65,317.68,198.4,30630.00 
2015-06-01,95.5,123,37.0,85.93,89.2075,93.905,84.64,84.53,70.515,196.8,229.833333,328.1,194.9,28321.00 
2015-07-01,133.6,269,30.0,79.482,82.952,88.696,77.612,75.672,65.514,184.935484,212.387097,297.741935,156.2,26166.00 
2015-08-01,60.2,224,16.0,82.34,89.0925,95.76,80.405,76.3625,63.2725,185.83871,215.935484,304.806452,162.8,25444.00 
2015-09-01,96.4,393,30.7,78.9775,84.5925,90.815,76.59,73.7925,61.665,188.633333,220.4,315.633333,195.1,26476.00 
2015-10-01,87.3,245,56.2,76.62,82.524,88.192,74.556,71.232,59.226,181.646029,213.307848,304.093742,219.7053,24741.00 
2015-11-01,96.1,105,197.4,73.345,80.1225,84.8225,71.4175,67.475,55.7825,178.906667,211.05,313.203333,255.1,25262.00 
2015-12-01,94.5,152,46.7,70.645,75.175,80.105,69.51,67.565,56.555,172.035484,207.651613,307.358065,263.2,25446.00 
2016-01-01,127.5,262,52.1,73.924,78.091,82.415,72.781,71.903,62.751,175.65,205.6,270.47,0,25274.00 
2016-02-01,108.1,269,91.6,75.1275,79.0175,83.2775,75.2825,73.6025,63.6175,175.65,197.8,270.47,0,17417.00 
2016-03-01,155.2,323,181.3,87.3675,91.56,95.745,91.4975,86.26,71.865,194.2,227.9,320.1,255.4,45538.00 
2016-04-01,165.2,286,46.7,103.006,109.696,114.24,104.384,103.498,81.188,194.7,231.4,322.27,220.2,31448.00 
2016-05-01,117.5,260,105.1,96.295,99.785,105.91,97.6525,97.4725,78.8075,195.65,227.4,320.84,208.7,31977.00 
2016-06-01,131.5,357,58.6,88.0175,89.1275,95.715,89.26,91.5175,69.5075,199.146667,231.5,335.716667,211.3,29317.00 
2016-07-01,112.4,558,105.1,92.874,97.01,101.826,93.704,94.124,71.522,186.474194,215.506452,309.470968,197.8,27547.00 
2016-08-01,116.3,289,140.7,98.3475,101.9425,106.015,99.235,100.1825,77.575,194.170968,221.196774,315.825807,204,32518.00 
2016-09-01,147.6,389,113.8,98.268,100.462,105.316,98.63,101.044,81.33,197.723333,227.233333,326.976667,257.6,32231.00 
2016-10-01,106.8,262,50.4,101.385,104.18,109.5625,101.48875,103.9625,85.74125,189.545161,221,315.093548,240.9,30893.00 
2016-11-01,133.1,476,87.0,115.1875,119.8375,124.9325,117.19,119.295,98.53,190.76,220.97,318.01,300,32835.00 
2016-12-01,130.6,647,108.0,129.26,133.858,139.466,132.248,135.558,109.416,185.39,216.84,308.75,298.2043,33072.00 
2017-01-01,306.0,695,452.2,128.37,131.865,138.58,130.28,135.3225,111.0625,192.45,218.25,282.29,0,27678.00 
2017-02-01,176.4,465,286.8,133.165,140.425,146.4625,134.0175,136.62,111.6975,213.07,218.25,312.54,0,36237.00 
2017-03-01,349.1,533,641.3,137.448,152.22,157.718,137.54,131.686,104.954,200,232.2419,312.129,269.5,55064.00 
2017-04-01,174.2,322,173.0,123.785,139.945,144.915,124.1775,114.2425,88.9,208.59,242.59,316.3267,220.9,42970.00 
2017-05-01,130.8,452,112.1,126.5,147.4225,150.035,122.59,114.2175,88.09,199.1387,233.0935,308.9742,218.2,40614.00 
2017-06-01,227.7,329,264.2,130.104,148.952,150.61,125.26,122.164,90.952,205.6,244.1,325.2333,225,40344.00 
2017-07-01,228.2,163,268.4,137.805,153.975,156.93,133.9425,133.8875,99.3,200.24,238.78,311.84,207.3,38143.00 
2017-08-01,164.7,265,183.1,149.6075,164.31,171.6725,145.0575,146.0925,108.355,201.9677,240.6129,312.129,213.4,42050.00 
2017-09-01,206.4,314,389.5,152.582,164.858,176.346,150.99,150.142,110.02,198.67,239.43,311.87,291.8,45643.00 
2017-10-01,142.5,292,167.6,150.97,161.45,173.48,152.545,148.9525,109.96,193.6129,233.4194,305.9667,260.1,41027.00 
2017-11-01,206.0,268,249.2,153.0725,166.365,176.635,153.1825,148.605,111.715,182.9333,220.5,289.5,310.7,46007.00 
2017-12-01,167.7,269,297.2,163.87,186.128,193.006,159.084,155.566,116.006,176.5161,216.2903,283.1935,305.4,40961.00 
2018-01-01,265.1,123,280.2,150.78,163.2575,169.5175,152.3425,148.7825,112.8175,192.051,231.9,269.5423,0,44816.00 
2018-02-01,149.6,212,110.0,149.9125,162.75,168.595,151.915,147.6025,110.9725,192.0507,231.9,269.5425,0,27237.00 
2018-03-01,254.1,246,543.4,147.95,159.128,165.104,155.51,143.68,108.932,195.0161,238.6452,289.5645,270.2,65378.00 
2018-04-01,241.7,291,502.9,146.68,155.9975,163.1625,156.8275,143.665,106.5125,210.3667,255.6667,307.5667,245,59202.00 
2018-05-01,210.8,374,208.3,152.3825,163.5625,171.155,162.67,150.25,107.925,215.7742,261.7097,313.129,238.8,59413.00 
2018-06-01,203.1,465,444.1,154.344,165.35,173.848,163.53,153.226,109.74,219.6,267.3333,318.3667,233.9,51531.00 
2018-07-01,395.7,561,632.8,154.0125,166.46,175.3775,160.2475,151.555,109.68,217.8065,262.0645,308.6774,206.4,50080.00 
2018-08-01,269.5,503,500.0,160.818,177.496,186.456,164.164,154.864,112.922,215.0323,259.129,310.9032,203.2,51526.00 
2018-09-01,314.1,516,833.2,162.7375,181.8525,190.6125,164.0725,154.54,114.245,221.2667,269.5,322.5,242.6,50781.00 
2018-10-01,343.4,621,663.7,162.0275,183.67,192.2625,160.79125,151.285,112.94125,218.5161,266.2903,316.1935,237,48219.00 
2018-11-01,438.2,678,1071.7,152.824,175.328,182.88,150.37,139.458,106.05,212.42,258.7367,314.12,258.2,47462.00 
2018-12-01,248.5,935,363.7,142.63,158.895,166.265,141.5,134.95,100.775,203.8742,245.5516,302.0968,252.6,41507.00 
2019-01-01,288.1,655,437.2,140.3175,154.9825,161.7875,142.065,133.5125,99.2825,214.56,253.53,290.61,0,45940.00 
2019-02-01,240.0,720,439.8,141.8575,156.61,163.22,144.8725,135.23,100.405,214.56,253.53,290.61,0,34669.00 
2019-03-01,411.2,753,905.4,144.742,159.678,166.86,147.616,138.36,103.014,213.3871,259.129,315.7097,258.7,72370.00 
2019-04-01,319.4,503,392.1,148.48,164.8675,172.4825,150.69,142.24,103.755,232.7667,283.4333,340.1667,202,56804.00 
2019-05-01,365.1,759,513.9,148.999,165.58,174.085,150.295,143.041,101.889,232.871,287.3903,346.4613,185.1,50768.00 
2019-06-01,649.1,960,1425.2,145.3125,159.6925,171.19,145.5425,138.635,98.7975,233.8,291.77,357,196,46073.00 
2019-07-01,375.9,722,598.0,145.94,159.3875,173.265,144.555,138.9675,99.0425,220.367742,274.9,341.3548,185.4,47446.00 
2019-08-01,396.0,905,665.9,140.736,150.52,165.522,140.676,134.154,99.502,229.580645,281.45,343.193548,200,47156.00 
2019-09-01,347.4,934,646.7,139.47,150.15,164.99,138.635,132.09,99.5575,224.333333,275.9,347.9,222,50725.00 
2019-10-01,234.1,971,487.7,138.59,151.025,164.3175,137.3275,129.8225,99.2125,211.548387,262.97,331.096774,227.9,49918.00 
2019-11-01,396.2,727,879.8,140.906,158.12,167.514,136.564,131.684,99.618,215.9,267.63,346.733333,260.8,54857.00 
2019-12-01,337.9,895,859.9,141.56,155.66,163.2275,139.4975,137.87,103.3575,216.322581,271.84,336.548387,270.5,51615.00 
2020-01-01,250.3,755,350.3,139.314,150.288,158.926,140.206,137.582,103.216,200.58,257.83,278.55,0,34201.00 
2020-02-01,195.7,646,132.6,132.9125,144.5625,154.105,133.725,126.7275,98.9725,228.43,257.83,278.55,0,0.00 
2020-03-01,219.4,735,105.9,131.4825,143.7525,152.02,133.6425,124.3225,95.1725,216.03,254.77,318.97,146.1,73694.00 
